,,,,,,,
Year,Month,Day,Weekday,Public Holiday,Daily Mean Temperature,Rainfall,Demand
2020,1,1,WEDNESDAY,TRUE,17.9,0.0,6494
2020,1,2,THURSDAY,FALSE,18.3,0.0,6129
2020,1,3,FRIDAY,FALSE,18.9,0.0,6587
2020,1,4,SATURDAY,FALSE,19.2,0.0,5784
2020,1,5,SUNDAY,FALSE,20.0,0.0,5367
2020,1,6,MONDAY,FALSE,21.0,0.0,6311
2020,1,7,TUESDAY,FALSE,22.4,0.0,6887
2020,1,8,WEDNESDAY,FALSE,21.9,0.0,6026
2020,1,9,THURSDAY,FALSE,19.3,0.0,5931
2020,1,10,FRIDAY,FALSE,19.9,0.0,6386
2020,1,11,SATURDAY,FALSE,20.9,0.0,5426
2020,1,12,SUNDAY,FALSE,17.9,0.0,6451
2020,1,13,MONDAY,FALSE,18.3,0.0,6479
2020,1,14,TUESDAY,FALSE,19.0,0.0,6801
2020,1,15,WEDNESDAY,FALSE,19.5,0.1,5585
2020,1,16,THURSDAY,FALSE,19.8,0.0,6235
2020,1,17,FRIDAY,FALSE,18.5,0.0,6310
2020,1,18,SATURDAY,FALSE,18.3,0.0,6349
2020,1,19,SUNDAY,FALSE,18.2,0.0,5394
2020,1,20,MONDAY,FALSE,18.0,0.0,5552
2020,1,21,TUESDAY,FALSE,18.8,0.0,6508
2020,1,22,WEDNESDAY,FALSE,20.5,0.0,6212
2020,1,23,THURSDAY,FALSE,21.9,0.0,6394
2020,1,24,FRIDAY,FALSE,21.5,0.0,5474
2020,1,25,SATURDAY,TRUE,19.7,2.1,6021
2020,1,26,SUNDAY,FALSE,16.5,12.3,5803
2020,1,27,MONDAY,TRUE,13.0,0.2,6503
2020,1,28,TUESDAY,TRUE,13.0,0.1,6342
2020,1,29,WEDNESDAY,FALSE,13.8,0.0,5807
2020,1,30,THURSDAY,FALSE,14.7,0.0,5345
2020,1,31,FRIDAY,FALSE,14.8,0.0,5841
2020,2,1,SATURDAY,FALSE,16.0,0.0,6357
2020,2,2,SUNDAY,FALSE,17.1,0.0,6093
2020,2,3,MONDAY,FALSE,18.1,0.0,6160
2020,2,4,TUESDAY,FALSE,17.3,0.8,5420
2020,2,5,WEDNESDAY,FALSE,17.5,1.0,5423
2020,2,6,THURSDAY,FALSE,17.1,0.0,6336
2020,2,7,FRIDAY,FALSE,18.7,0.0,5829
2020,2,8,SATURDAY,FALSE,17.8,0.0,6820
2020,2,9,SUNDAY,FALSE,16.5,0.0,5691
2020,2,10,MONDAY,FALSE,16.9,0.0,6160
2020,2,11,TUESDAY,FALSE,17.6,0.8,5587
2020,2,12,WEDNESDAY,FALSE,20.6,0.0,5582
2020,2,13,THURSDAY,FALSE,19.6,41.6,5522
2020,2,14,FRIDAY,FALSE,20.4,9.7,6071
2020,2,15,SATURDAY,FALSE,21.0,0.0,5942
2020,2,16,SUNDAY,FALSE,14.2,25.5,6390
2020,2,17,MONDAY,FALSE,13.6,0.0,5845
2020,2,18,TUESDAY,FALSE,14.7,0.0,6051
2020,2,19,WEDNESDAY,FALSE,16.3,0.0,6385
2020,2,20,THURSDAY,FALSE,17.7,0.0,5340
2020,2,21,FRIDAY,FALSE,18.9,0.0,6667
2020,2,22,SATURDAY,FALSE,20.1,0.0,5614
2020,2,23,SUNDAY,FALSE,19.4,0.0,5971
2020,2,24,MONDAY,FALSE,19.6,0.0,5724
2020,2,25,TUESDAY,FALSE,21.8,0.0,5705
2020,2,26,WEDNESDAY,FALSE,23.3,0.0,6562
2020,2,27,THURSDAY,FALSE,20.5,0.4,5630
2020,2,28,FRIDAY,FALSE,20.8,0.0,5839
2020,2,29,SATURDAY,FALSE,22.5,0.0,6863
2020,3,1,SUNDAY,FALSE,22.8,0.0,5605
2020,3,2,MONDAY,FALSE,20.1,0.0,6827
2020,3,3,TUESDAY,FALSE,19.4,0.0,6081
2020,3,4,WEDNESDAY,FALSE,19.9,3.1,5891
2020,3,5,THURSDAY,FALSE,18.2,0.4,5978
2020,3,6,FRIDAY,FALSE,18.3,0.0,5554
2020,3,7,SATURDAY,FALSE,20.6,0.0,5989
2020,3,8,SUNDAY,FALSE,22.1,0.0,6804
2020,3,9,MONDAY,FALSE,23.4,0.0,5576
2020,3,10,TUESDAY,FALSE,23.4,0.0,6128
2020,3,11,WEDNESDAY,FALSE,19.2,0.0,5440
2020,3,12,THURSDAY,FALSE,19.2,0.0,6430
2020,3,13,FRIDAY,FALSE,21.4,0.0,6681
2020,3,14,SATURDAY,FALSE,21.6,0.4,6697
2020,3,15,SUNDAY,FALSE,20.2,0.0,5968
2020,3,16,MONDAY,FALSE,20.3,0.0,6652
2020,3,17,TUESDAY,FALSE,20.3,0.0,6558
2020,3,18,WEDNESDAY,FALSE,20.5,10.7,5637
2020,3,19,THURSDAY,FALSE,21.1,0.8,6227
2020,3,20,FRIDAY,FALSE,21.2,0.4,6422
2020,3,21,SATURDAY,FALSE,21.2,0.2,5875
2020,3,22,SUNDAY,FALSE,24.2,0.0,6037
2020,3,23,MONDAY,FALSE,24.6,0.0,6672
2020,3,24,TUESDAY,FALSE,22.8,0.0,6522
2020,3,25,WEDNESDAY,FALSE,22.8,0.0,6888
2020,3,26,THURSDAY,FALSE,23.3,1.0,5955
2020,3,27,FRIDAY,FALSE,24.4,0.0,5487
2020,3,28,SATURDAY,FALSE,22.8,9.8,5355
2020,3,29,SUNDAY,FALSE,20.2,2.2,6653
2020,3,30,MONDAY,FALSE,20.4,6.5,6750
2020,3,31,TUESDAY,FALSE,20.3,5.8,6097
2020,4,1,WEDNESDAY,FALSE,19.7,0.2,5385
2020,4,2,THURSDAY,FALSE,19.9,0.4,5794
2020,4,3,FRIDAY,FALSE,20.4,0.6,6225
2020,4,4,SATURDAY,TRUE,20.8,1.1,6323
2020,4,5,SUNDAY,FALSE,18.2,4.6,6741
2020,4,6,MONDAY,FALSE,17.1,21.5,5924
2020,4,7,TUESDAY,FALSE,19.1,0.0,5573
2020,4,8,WEDNESDAY,FALSE,20.6,0.0,5592
2020,4,9,THURSDAY,FALSE,21.6,0.0,6578
2020,4,10,FRIDAY,TRUE,21.7,0.0,6794
2020,4,11,SATURDAY,TRUE,22.5,20.5,5549
2020,4,12,SUNDAY,FALSE,20.8,0.4,5382
2020,4,13,MONDAY,TRUE,20.2,0.0,5948
2020,4,14,TUESDAY,FALSE,21.1,0.0,5403
2020,4,15,WEDNESDAY,FALSE,22.2,0.0,5504
2020,4,16,THURSDAY,FALSE,23.3,0.0,6838
2020,4,17,FRIDAY,FALSE,24.1,0.0,6642
2020,4,18,SATURDAY,FALSE,24.4,0.0,6285
2020,4,19,SUNDAY,FALSE,25.9,0.0,6492
2020,4,20,MONDAY,FALSE,26.4,0.0,6363
2020,4,21,TUESDAY,FALSE,26.7,0.0,6045
2020,4,22,WEDNESDAY,FALSE,22.1,25.8,5775
2020,4,23,THURSDAY,FALSE,20.6,1.3,6859
2020,4,24,FRIDAY,FALSE,19.4,0.6,6054
2020,4,25,SATURDAY,FALSE,20.5,0.1,6666
2020,4,26,SUNDAY,FALSE,23.1,0.7,6788
2020,4,27,MONDAY,FALSE,24.4,0.0,6811
2020,4,28,TUESDAY,FALSE,24.3,0.0,5393
2020,4,29,WEDNESDAY,FALSE,24.2,0.0,5800
2020,4,30,THURSDAY,TRUE,25.3,0.0,6414
2020,5,1,FRIDAY,TRUE,25.7,0.0,6366
2020,5,2,SATURDAY,FALSE,26.3,0.0,6119
2020,5,3,SUNDAY,FALSE,27.3,0.0,6756
2020,5,4,MONDAY,FALSE,27.8,0.0,5663
2020,5,5,TUESDAY,FALSE,27.9,0.0,5667
2020,5,6,WEDNESDAY,FALSE,28.7,0.0,6843
2020,5,7,THURSDAY,FALSE,29.0,0.0,5794
2020,5,8,FRIDAY,FALSE,29.3,0.1,5649
2020,5,9,SATURDAY,FALSE,29.2,0.1,6037
2020,5,10,SUNDAY,FALSE,29.0,0.8,5710
2020,5,11,MONDAY,FALSE,28.9,14.8,6376
2020,5,12,TUESDAY,FALSE,27.0,3.6,6047
2020,5,13,WEDNESDAY,FALSE,26.6,0.3,6611
2020,5,14,THURSDAY,FALSE,27.1,0.1,6482
2020,5,15,FRIDAY,FALSE,28.5,0.0,6515
2020,5,16,SATURDAY,FALSE,28.9,0.0,5560
2020,5,17,SUNDAY,FALSE,28.9,0.0,5880
2020,5,18,MONDAY,FALSE,25.8,46.7,5327
2020,5,19,TUESDAY,FALSE,28.0,0.0,6090
2020,5,20,WEDNESDAY,FALSE,27.6,4.3,5552
2020,5,21,THURSDAY,FALSE,27.6,84.6,6385
2020,5,22,FRIDAY,FALSE,27.9,17.0,6814
2020,5,23,SATURDAY,FALSE,25.7,1.5,6199
2020,5,24,SUNDAY,FALSE,26.7,0.0,5984
2020,5,25,MONDAY,FALSE,26.6,32.4,6200
2020,5,26,TUESDAY,FALSE,28.3,14.4,6404
2020,5,27,WEDNESDAY,FALSE,28.2,0.1,6142
2020,5,28,THURSDAY,FALSE,27.7,0.2,6457
2020,5,29,FRIDAY,FALSE,28.2,0.2,5892
2020,5,30,SATURDAY,FALSE,26.0,131.3,6086
2020,5,31,SUNDAY,FALSE,29.2,0.0,6505
2020,6,1,MONDAY,FALSE,29.9,0.0,6397
2020,6,2,TUESDAY,FALSE,29.0,6.4,6454
2020,6,3,WEDNESDAY,FALSE,29.8,0.0,6273
2020,6,4,THURSDAY,FALSE,30.1,0.0,6392
2020,6,5,FRIDAY,FALSE,30.0,2.6,6354
2020,6,6,SATURDAY,FALSE,26.8,183.8,5592
2020,6,7,SUNDAY,FALSE,27.7,107.4,6578
2020,6,8,MONDAY,FALSE,28.6,40.9,5929
2020,6,9,TUESDAY,FALSE,29.4,1.3,6135
2020,6,10,WEDNESDAY,FALSE,29.8,0.2,6419
2020,6,11,THURSDAY,FALSE,30.2,0.0,6663
2020,6,12,FRIDAY,FALSE,30.4,0.0,5388
2020,6,13,SATURDAY,FALSE,29.8,11.7,5584
2020,6,14,SUNDAY,FALSE,28.0,29.3,6623
2020,6,15,MONDAY,FALSE,29.3,0.2,5796
2020,6,16,TUESDAY,FALSE,28.6,9.4,5560
2020,6,17,WEDNESDAY,FALSE,29.1,0.9,6577
2020,6,18,THURSDAY,FALSE,29.5,0.1,6365
2020,6,19,FRIDAY,FALSE,29.9,0.0,5992
2020,6,20,SATURDAY,FALSE,30.0,0.0,5399
2020,6,21,SUNDAY,FALSE,30.2,0.0,5773
2020,6,22,MONDAY,FALSE,30.4,0.0,6440
2020,6,23,TUESDAY,FALSE,30.3,0.0,6044
2020,6,24,WEDNESDAY,FALSE,30.4,0.0,5833
2020,6,25,THURSDAY,TRUE,30.2,0.1,6006
2020,6,26,FRIDAY,FALSE,30.3,1.3,5569
2020,6,27,SATURDAY,FALSE,30.2,1.2,5580
2020,6,28,SUNDAY,FALSE,30.4,0.0,5804
2020,6,29,MONDAY,FALSE,30.5,0.4,5972
2020,6,30,TUESDAY,FALSE,30.7,0.0,6635
2020,7,1,WEDNESDAY,TRUE,30.2,1.1,6304
2020,7,2,THURSDAY,FALSE,30.2,9.3,5350
2020,7,3,FRIDAY,FALSE,29.2,29.5,5812
2020,7,4,SATURDAY,FALSE,29.8,8.3,6859
2020,7,5,SUNDAY,FALSE,30.0,1.3,6379
2020,7,6,MONDAY,FALSE,30.1,4.1,5636
2020,7,7,TUESDAY,FALSE,30.1,0.7,6448
2020,7,8,WEDNESDAY,FALSE,30.0,0.6,6807
2020,7,9,THURSDAY,FALSE,30.1,0.0,5819
2020,7,10,FRIDAY,FALSE,30.3,0.0,5492
2020,7,11,SATURDAY,FALSE,30.4,0.0,6518
2020,7,12,SUNDAY,FALSE,30.4,0.0,5918
2020,7,13,MONDAY,FALSE,30.5,0.0,5718
2020,7,14,TUESDAY,FALSE,30.6,0.0,5624
2020,7,15,WEDNESDAY,FALSE,30.5,0.0,5583
2020,7,16,THURSDAY,FALSE,30.4,2.4,5812
2020,7,17,FRIDAY,FALSE,30.3,2.5,6031
2020,7,18,SATURDAY,FALSE,30.4,2.2,5598
2020,7,19,SUNDAY,FALSE,30.3,0.0,5989
2020,7,20,MONDAY,FALSE,29.9,3.1,6035
2020,7,21,TUESDAY,FALSE,30.4,0.0,6374
2020,7,22,WEDNESDAY,FALSE,30.0,2.5,5610
2020,7,23,THURSDAY,FALSE,31.0,0.0,5394
2020,7,24,FRIDAY,FALSE,30.8,0.0,6185
2020,7,25,SATURDAY,FALSE,30.7,0.0,5799
2020,7,26,SUNDAY,FALSE,30.8,0.0,6465
2020,7,27,MONDAY,FALSE,30.5,2.3,5337
2020,7,28,TUESDAY,FALSE,30.8,3.0,6214
2020,7,29,WEDNESDAY,FALSE,30.5,2.6,5396
2020,7,30,THURSDAY,FALSE,30.2,13.3,5607
2020,7,31,FRIDAY,FALSE,27.9,36.6,5827
2020,8,1,SATURDAY,FALSE,27.7,28.3,5557
2020,8,2,SUNDAY,FALSE,27.5,25.6,6085
2020,8,3,MONDAY,FALSE,26.5,46.9,5656
2020,8,4,TUESDAY,FALSE,27.5,4.7,6718
2020,8,5,WEDNESDAY,FALSE,27.8,53.3,6439
2020,8,6,THURSDAY,FALSE,29.1,1.7,5443
2020,8,7,FRIDAY,FALSE,30.1,0.2,6290
2020,8,8,SATURDAY,FALSE,30.5,0.0,5852
2020,8,9,SUNDAY,FALSE,29.9,0.0,5994
2020,8,10,MONDAY,FALSE,30.0,0.0,6782
2020,8,11,TUESDAY,FALSE,30.3,0.6,6360
2020,8,12,WEDNESDAY,FALSE,27.8,29.4,6819
2020,8,13,THURSDAY,FALSE,28.1,16.5,6054
2020,8,14,FRIDAY,FALSE,29.3,9.3,6313
2020,8,15,SATURDAY,FALSE,29.8,0.0,6312
2020,8,16,SUNDAY,FALSE,30.1,0.0,6316
2020,8,17,MONDAY,FALSE,28.2,16.6,5880
2020,8,18,TUESDAY,FALSE,27.3,52.7,5725
2020,8,19,WEDNESDAY,FALSE,26.6,119.5,5713
2020,8,20,THURSDAY,FALSE,29.0,0.0,5714
2020,8,21,FRIDAY,FALSE,29.8,0.0,5560
2020,8,22,SATURDAY,FALSE,29.7,0.0,6513
2020,8,23,SUNDAY,FALSE,29.8,0.0,6323
2020,8,24,MONDAY,FALSE,30.2,0.0,6600
2020,8,25,TUESDAY,FALSE,30.6,1.1,5822
2020,8,26,WEDNESDAY,FALSE,29.7,12.3,5929
2020,8,27,THURSDAY,FALSE,28.5,3.1,5843
2020,8,28,FRIDAY,FALSE,28.9,22.6,6714
2020,8,29,SATURDAY,FALSE,29.9,3.2,6663
2020,8,30,SUNDAY,FALSE,29.6,0.6,5817
2020,8,31,MONDAY,FALSE,29.8,0.2,6416
2020,9,1,TUESDAY,FALSE,30.3,1.1,6025
2020,9,2,WEDNESDAY,FALSE,30.0,0.4,6232
2020,9,3,THURSDAY,FALSE,30.2,0.4,5453
2020,9,4,FRIDAY,FALSE,29.8,0.1,6105
2020,9,5,SATURDAY,FALSE,28.4,43.9,6000
2020,9,6,SUNDAY,FALSE,29.1,0.0,6575
2020,9,7,MONDAY,FALSE,29.4,4.7,6277
2020,9,8,TUESDAY,FALSE,27.1,68.9,5431
2020,9,9,WEDNESDAY,FALSE,27.9,0.2,6384
2020,9,10,THURSDAY,FALSE,28.5,8.2,6533
2020,9,11,FRIDAY,FALSE,28.9,2.7,5403
2020,9,12,SATURDAY,FALSE,28.2,27.9,5428
2020,9,13,SUNDAY,FALSE,28.4,5.7,5421
2020,9,14,MONDAY,FALSE,28.1,38.2,6089
2020,9,15,TUESDAY,FALSE,27.3,62.6,5972
2020,9,16,WEDNESDAY,FALSE,29.5,4.4,6392
2020,9,17,THURSDAY,FALSE,28.7,40.6,6644
2020,9,18,FRIDAY,FALSE,28.3,15.9,6814
2020,9,19,SATURDAY,FALSE,27.2,50.8,6546
2020,9,20,SUNDAY,FALSE,28.6,0.7,6166
2020,9,21,MONDAY,FALSE,27.4,176.8,5640
2020,9,22,TUESDAY,FALSE,28.6,0.5,6409
2020,9,23,WEDNESDAY,FALSE,29.1,0.0,5455
2020,9,24,THURSDAY,FALSE,28.5,0.6,5669
2020,9,25,FRIDAY,FALSE,28.3,0.0,6309
2020,9,26,SATURDAY,FALSE,28.0,0.0,6097
2020,9,27,SUNDAY,FALSE,27.7,1.3,6760
2020,9,28,MONDAY,FALSE,26.6,26.2,5809
2020,9,29,TUESDAY,FALSE,26.9,21.9,5345
2020,9,30,WEDNESDAY,FALSE,27.4,104.1,5652
2020,10,1,THURSDAY,TRUE,26.7,0.1,5967
2020,10,2,FRIDAY,TRUE,27.6,0.0,6612
2020,10,3,SATURDAY,FALSE,28.3,0.0,6047
2020,10,4,SUNDAY,FALSE,28.4,0.0,6345
2020,10,5,MONDAY,FALSE,28.0,106.1,5544
2020,10,6,TUESDAY,FALSE,25.9,2.7,6158
2020,10,7,WEDNESDAY,FALSE,24.9,0.0,5894
2020,10,8,THURSDAY,FALSE,25.2,0.0,6753
2020,10,9,FRIDAY,FALSE,26.0,0.0,6056
2020,10,10,SATURDAY,FALSE,26.1,0.0,6802
2020,10,11,SUNDAY,FALSE,27.0,0.0,5966
2020,10,12,MONDAY,FALSE,28.0,0.6,6606
2020,10,13,TUESDAY,FALSE,24.9,26.0,5805
2020,10,14,WEDNESDAY,FALSE,25.5,1.2,6852
2020,10,15,THURSDAY,FALSE,26.5,0.0,6845
2020,10,16,FRIDAY,FALSE,27.0,0.0,5756
2020,10,17,SATURDAY,FALSE,25.6,0.2,6253
2020,10,18,SUNDAY,FALSE,24.9,0.7,5763
2020,10,19,MONDAY,FALSE,24.6,0.0,6490
2020,10,20,TUESDAY,FALSE,25.0,0.0,5432
2020,10,21,WEDNESDAY,FALSE,24.5,0.0,5654
2020,10,22,THURSDAY,FALSE,24.7,0.0,5556
2020,10,23,FRIDAY,FALSE,23.5,0.0,6678
2020,10,24,SATURDAY,FALSE,23.8,0.0,6365
2020,10,25,SUNDAY,FALSE,24.2,0.0,5669
2020,10,26,MONDAY,TRUE,24.6,0.0,5635
2020,10,27,TUESDAY,FALSE,25.1,0.0,5465
2020,10,28,WEDNESDAY,FALSE,24.4,4.7,6161
2020,10,29,THURSDAY,FALSE,24.7,0.1,5615
2020,10,30,FRIDAY,FALSE,24.4,0.0,5518
2020,10,31,SATURDAY,FALSE,23.4,0.0,5532
2020,11,1,SUNDAY,FALSE,24.0,0.0,5558
2020,11,2,MONDAY,FALSE,25.3,0.0,5859
2020,11,3,TUESDAY,FALSE,23.6,0.1,6374
2020,11,4,WEDNESDAY,FALSE,23.0,0.4,6320
2020,11,5,THURSDAY,FALSE,22.9,0.0,5984
2020,11,6,FRIDAY,FALSE,24.7,0.0,5766
2020,11,7,SATURDAY,FALSE,26.8,0.0,6007
2020,11,8,SUNDAY,FALSE,25.7,0.0,6450
2020,11,9,MONDAY,FALSE,23.7,0.0,6402
2020,11,10,TUESDAY,FALSE,22.9,0.0,5861
2020,11,11,WEDNESDAY,FALSE,22.5,0.0,5685
2020,11,12,THURSDAY,FALSE,22.2,0.0,6618
2020,11,13,FRIDAY,FALSE,22.9,0.4,6800
2020,11,14,SATURDAY,FALSE,23.3,0.0,5891
2020,11,15,SUNDAY,FALSE,23.0,0.0,5879
2020,11,16,MONDAY,FALSE,24.0,0.0,5919
2020,11,17,TUESDAY,FALSE,24.2,0.0,6564
2020,11,18,WEDNESDAY,FALSE,24.9,1.0,6188
2020,11,19,THURSDAY,FALSE,25.3,0.0,6160
2020,11,20,FRIDAY,FALSE,25.9,0.0,5391
2020,11,21,SATURDAY,FALSE,23.5,2.0,6405
2020,11,22,SUNDAY,FALSE,24.8,1.1,5894
2020,11,23,MONDAY,FALSE,23.0,0.0,5361
2020,11,24,TUESDAY,FALSE,23.3,0.0,6584
2020,11,25,WEDNESDAY,FALSE,23.5,0.0,5499
2020,11,26,THURSDAY,FALSE,24.0,0.0,6014
2020,11,27,FRIDAY,FALSE,22.8,0.0,6523
2020,11,28,SATURDAY,FALSE,20.4,0.0,6879
2020,11,29,SUNDAY,FALSE,20.0,0.0,6804
2020,11,30,MONDAY,FALSE,19.2,0.1,5779
2020,12,1,TUESDAY,FALSE,19.7,0.0,6469
2020,12,2,WEDNESDAY,FALSE,19.9,0.0,6431
2020,12,3,THURSDAY,FALSE,17.4,0.0,6044
2020,12,4,FRIDAY,FALSE,15.9,0.0,6764
2020,12,5,SATURDAY,FALSE,16.8,0.0,5718
2020,12,6,SUNDAY,FALSE,18.2,0.0,5372
2020,12,7,MONDAY,FALSE,20.7,0.0,6574
2020,12,8,TUESDAY,FALSE,19.9,0.0,6217
2020,12,9,WEDNESDAY,FALSE,19.8,0.0,6706
2020,12,10,THURSDAY,FALSE,20.9,0.3,6274
2020,12,11,FRIDAY,FALSE,21.6,0.0,6300
2020,12,12,SATURDAY,FALSE,20.9,0.0,6218
2020,12,13,SUNDAY,FALSE,20.9,0.0,6174
2020,12,14,MONDAY,FALSE,19.5,0.0,5565
2020,12,15,TUESDAY,FALSE,15.4,0.0,6823
2020,12,16,WEDNESDAY,FALSE,14.8,0.0,6443
2020,12,17,THURSDAY,FALSE,14.9,0.0,6234
2020,12,18,FRIDAY,FALSE,16.4,0.0,5348
2020,12,19,SATURDAY,FALSE,15.0,0.0,6723
2020,12,20,SUNDAY,FALSE,14.9,0.0,5586
2020,12,21,MONDAY,FALSE,16.5,0.0,5343
2020,12,22,TUESDAY,FALSE,17.4,0.0,6179
2020,12,23,WEDNESDAY,FALSE,18.4,1.2,6623
2020,12,24,THURSDAY,FALSE,20.0,0.0,6163
2020,12,25,FRIDAY,TRUE,18.9,0.0,5474
2020,12,26,SATURDAY,TRUE,18.7,0.0,5801
2020,12,27,SUNDAY,FALSE,20.4,0.0,5339
2020,12,28,MONDAY,FALSE,20.6,0.0,6763
2020,12,29,TUESDAY,FALSE,21.0,0.0,6680
2020,12,30,WEDNESDAY,FALSE,15.1,0.0,5344
2020,12,31,THURSDAY,FALSE,10.9,0.0,6498
2021,1,1,FRIDAY,TRUE,11.8,0.0,5322
2021,1,2,SATURDAY,FALSE,14.0,0.0,6130
2021,1,3,SUNDAY,FALSE,16.7,0.0,6880
2021,1,4,MONDAY,FALSE,18.3,0.0,6137
2021,1,5,TUESDAY,FALSE,18.8,0.0,6820
2021,1,6,WEDNESDAY,FALSE,17.1,0.0,6811
2021,1,7,THURSDAY,FALSE,15.3,0.0,6752
2021,1,8,FRIDAY,FALSE,9.1,0.0,5775
2021,1,9,SATURDAY,FALSE,10.7,0.0,6427
2021,1,10,SUNDAY,FALSE,12.8,0.0,5383
2021,1,11,MONDAY,FALSE,10.6,0.0,5570
2021,1,12,TUESDAY,FALSE,11.9,0.0,5325
2021,1,13,WEDNESDAY,FALSE,13.4,0.0,5849
2021,1,14,THURSDAY,FALSE,15.2,0.0,6764
2021,1,15,FRIDAY,FALSE,17.3,0.0,5503
2021,1,16,SATURDAY,FALSE,17.6,0.0,6294
2021,1,17,SUNDAY,FALSE,16.6,0.0,6359
2021,1,18,MONDAY,FALSE,14.2,0.0,6088
2021,1,19,TUESDAY,FALSE,15.4,0.0,5783
2021,1,20,WEDNESDAY,FALSE,18.2,0.0,5610
2021,1,21,THURSDAY,FALSE,20.1,0.0,6623
2021,1,22,FRIDAY,FALSE,20.3,0.0,6018
2021,1,23,SATURDAY,FALSE,20.2,0.0,6661
2021,1,24,SUNDAY,FALSE,18.4,0.0,5906
2021,1,25,MONDAY,FALSE,19.2,0.0,6054
2021,1,26,TUESDAY,FALSE,19.6,0.0,5819
2021,1,27,WEDNESDAY,FALSE,18.9,0.0,6322
2021,1,28,THURSDAY,FALSE,19.1,0.0,5448
2021,1,29,FRIDAY,FALSE,16.6,0.0,5564
2021,1,30,SATURDAY,FALSE,16.7,0.0,6681
2021,1,31,SUNDAY,FALSE,18.4,0.0,6807
2021,2,1,MONDAY,FALSE,20.3,0.0,6620
2021,2,2,TUESDAY,FALSE,20.9,0.0,6531
2021,2,3,WEDNESDAY,FALSE,18.4,0.0,6404
2021,2,4,THURSDAY,FALSE,19.4,0.0,6649
2021,2,5,FRIDAY,FALSE,19.9,0.0,6112
2021,2,6,SATURDAY,FALSE,20.7,0.0,6795
2021,2,7,SUNDAY,FALSE,20.3,0.0,6751
2021,2,8,MONDAY,FALSE,19.9,0.0,6416
2021,2,9,TUESDAY,FALSE,18.5,0.0,6647
2021,2,10,WEDNESDAY,FALSE,16.5,32.2,6516
2021,2,11,THURSDAY,FALSE,17.4,0.0,5713
2021,2,12,FRIDAY,TRUE,18.4,0.0,6291
2021,2,13,SATURDAY,TRUE,19.2,0.0,6486
2021,2,14,SUNDAY,FALSE,19.9,0.0,6676
2021,2,15,MONDAY,TRUE,21.1,0.0,6511
2021,2,16,TUESDAY,FALSE,20.3,0.0,6313
2021,2,17,WEDNESDAY,FALSE,20.4,0.0,6488
2021,2,18,THURSDAY,FALSE,18.5,0.0,6492
2021,2,19,FRIDAY,FALSE,18.5,0.0,6793
2021,2,20,SATURDAY,FALSE,19.6,0.0,5794
2021,2,21,SUNDAY,FALSE,20.4,0.0,6527
2021,2,22,MONDAY,FALSE,21.4,0.0,6162
2021,2,23,TUESDAY,FALSE,21.7,0.0,5542
2021,2,24,WEDNESDAY,FALSE,20.3,0.0,6609
2021,2,25,THURSDAY,FALSE,20.2,1.8,6824
2021,2,26,FRIDAY,FALSE,22.3,14.7,5408
2021,2,27,SATURDAY,FALSE,18.8,13.4,6199
2021,2,28,SUNDAY,FALSE,19.9,0.0,6346
2021,3,1,MONDAY,FALSE,21.9,0.0,6366
2021,3,2,TUESDAY,FALSE,21.4,0.0,5332
2021,3,3,WEDNESDAY,FALSE,18.4,0.3,5521
2021,3,4,THURSDAY,FALSE,18.9,1.0,5736
2021,3,5,FRIDAY,FALSE,20.1,0.0,6571
2021,3,6,SATURDAY,FALSE,20.5,1.5,6533
2021,3,7,SUNDAY,FALSE,19.9,0.2,6413
2021,3,8,MONDAY,FALSE,19.7,0.3,6078
2021,3,9,TUESDAY,FALSE,20.1,0.0,6558
2021,3,10,WEDNESDAY,FALSE,19.8,0.0,6677
2021,3,11,THURSDAY,FALSE,21.0,0.0,6411
2021,3,12,FRIDAY,FALSE,23.2,0.0,6161
2021,3,13,SATURDAY,FALSE,22.0,0.0,6846
2021,3,14,SUNDAY,FALSE,21.3,0.0,6015
2021,3,15,MONDAY,FALSE,22.4,0.0,5930
2021,3,16,TUESDAY,FALSE,24.0,0.0,6369
2021,3,17,WEDNESDAY,FALSE,24.7,0.0,6338
2021,3,18,THURSDAY,FALSE,23.4,0.2,5933
2021,3,19,FRIDAY,FALSE,24.2,0.0,5619
2021,3,20,SATURDAY,FALSE,25.0,0.0,5932
2021,3,21,SUNDAY,FALSE,21.2,0.0,5702
2021,3,22,MONDAY,FALSE,17.8,0.0,6553
2021,3,23,TUESDAY,FALSE,18.9,0.0,6847
2021,3,24,WEDNESDAY,FALSE,20.7,0.0,5347
2021,3,25,THURSDAY,FALSE,22.1,0.0,6214
2021,3,26,FRIDAY,FALSE,21.6,0.0,6846
2021,3,27,SATURDAY,FALSE,24.1,0.0,6238
2021,3,28,SUNDAY,FALSE,24.8,0.0,6444
2021,3,29,MONDAY,FALSE,25.6,0.0,6049
2021,3,30,TUESDAY,FALSE,26.6,0.0,6098
2021,3,31,WEDNESDAY,FALSE,26.5,0.0,6514
2021,4,1,THURSDAY,FALSE,26.7,0.0,6881
2021,4,2,FRIDAY,TRUE,26.9,0.0,6405
2021,4,3,SATURDAY,TRUE,26.9,0.0,6023
2021,4,4,SUNDAY,FALSE,24.7,0.8,6574
2021,4,5,MONDAY,TRUE,22.4,0.7,6887
2021,4,6,TUESDAY,TRUE,23.9,0.0,5536
2021,4,7,WEDNESDAY,FALSE,23.1,0.0,6018
2021,4,8,THURSDAY,FALSE,23.2,0.0,6628
2021,4,9,FRIDAY,FALSE,21.0,7.5,6270
2021,4,10,SATURDAY,FALSE,22.4,0.0,5492
2021,4,11,SUNDAY,FALSE,23.1,0.0,6669
2021,4,12,MONDAY,FALSE,24.6,0.0,5749
2021,4,13,TUESDAY,FALSE,25.9,0.0,5559
2021,4,14,WEDNESDAY,FALSE,24.6,0.0,6089
2021,4,15,THURSDAY,FALSE,22.2,8.3,6876
2021,4,16,FRIDAY,FALSE,22.8,1.5,6779
2021,4,17,SATURDAY,FALSE,22.8,2.5,6831
2021,4,18,SUNDAY,FALSE,23.2,0.0,6801
2021,4,19,MONDAY,FALSE,22.5,0.0,6653
2021,4,20,TUESDAY,FALSE,23.4,0.0,5683
2021,4,21,WEDNESDAY,FALSE,24.5,0.0,5695
2021,4,22,THURSDAY,FALSE,25.2,0.0,5484
2021,4,23,FRIDAY,FALSE,27.3,0.0,5972
2021,4,24,SATURDAY,FALSE,25.4,0.0,6688
2021,4,25,SUNDAY,FALSE,24.7,0.9,6385
2021,4,26,MONDAY,FALSE,23.4,0.3,6386
2021,4,27,TUESDAY,FALSE,23.2,5.7,6671
2021,4,28,WEDNESDAY,FALSE,24.4,4.2,5938
2021,4,29,THURSDAY,FALSE,24.1,0.1,6139
2021,4,30,FRIDAY,FALSE,25.6,0.0,5431
2021,5,1,SATURDAY,TRUE,26.3,0.0,6871
2021,5,2,SUNDAY,FALSE,26.5,1.2,6160
2021,5,3,MONDAY,FALSE,24.3,8.8,6293
2021,5,4,TUESDAY,FALSE,26.6,12.5,6875
2021,5,5,WEDNESDAY,FALSE,26.6,0.5,5744
2021,5,6,THURSDAY,FALSE,25.2,0.0,6153
2021,5,7,FRIDAY,FALSE,26.6,0.0,6559
2021,5,8,SATURDAY,FALSE,27.7,0.0,5991
2021,5,9,SUNDAY,FALSE,28.3,0.0,5726
2021,5,10,MONDAY,FALSE,28.4,0.0,5989
2021,5,11,TUESDAY,FALSE,29.2,0.0,5706
2021,5,12,WEDNESDAY,FALSE,29.6,0.0,6727
2021,5,13,THURSDAY,FALSE,29.5,3.9,6429
2021,5,14,FRIDAY,FALSE,30.0,0.0,6494
2021,5,15,SATURDAY,FALSE,29.9,0.0,5935
2021,5,16,SUNDAY,FALSE,30.2,0.0,6042
2021,5,17,MONDAY,FALSE,30.4,0.0,6264
2021,5,18,TUESDAY,FALSE,30.2,1.3,6470
2021,5,19,WEDNESDAY,TRUE,30.3,0.0,5711
2021,5,20,THURSDAY,FALSE,30.5,0.0,6049
2021,5,21,FRIDAY,FALSE,30.7,0.0,5818
2021,5,22,SATURDAY,FALSE,30.5,2.6,5525
2021,5,23,SUNDAY,FALSE,31.4,0.0,5717
2021,5,24,MONDAY,FALSE,29.8,15.7,6696
2021,5,25,TUESDAY,FALSE,28.8,4.8,6834
2021,5,26,WEDNESDAY,FALSE,30.1,4.0,5598
2021,5,27,THURSDAY,FALSE,30.3,1.0,5868
2021,5,28,FRIDAY,FALSE,30.6,0.0,5327
2021,5,29,SATURDAY,FALSE,30.2,0.0,6822
2021,5,30,SUNDAY,FALSE,30.3,0.0,5998
2021,5,31,MONDAY,FALSE,29.6,8.7,6089
2021,6,1,TUESDAY,FALSE,26.5,45.8,5892
2021,6,2,WEDNESDAY,FALSE,28.3,2.4,6618
2021,6,3,THURSDAY,FALSE,30.3,0.0,6214
2021,6,4,FRIDAY,FALSE,28.4,7.5,5898
2021,6,5,SATURDAY,FALSE,27.3,0.0,6702
2021,6,6,SUNDAY,FALSE,28.2,0.0,5439
2021,6,7,MONDAY,FALSE,28.7,0.0,5473
2021,6,8,TUESDAY,FALSE,29.3,0.9,5804
2021,6,9,WEDNESDAY,FALSE,27.9,48.6,5924
2021,6,10,THURSDAY,FALSE,28.8,29.4,5565
2021,6,11,FRIDAY,FALSE,29.1,31.2,6693
2021,6,12,SATURDAY,FALSE,27.7,30.3,5348
2021,6,13,SUNDAY,FALSE,28.9,2.8,5578
2021,6,14,MONDAY,TRUE,29.3,0.3,5824
2021,6,15,TUESDAY,FALSE,29.6,6.2,6824
2021,6,16,WEDNESDAY,FALSE,30.6,0.0,6085
2021,6,17,THURSDAY,FALSE,30.4,9.6,5478
2021,6,18,FRIDAY,FALSE,30.6,3.9,6742
2021,6,19,SATURDAY,FALSE,30.6,0.0,5695
2021,6,20,SUNDAY,FALSE,30.7,0.0,5754
2021,6,21,MONDAY,FALSE,30.4,1.2,5410
2021,6,22,TUESDAY,FALSE,27.0,75.3,5611
2021,6,23,WEDNESDAY,FALSE,26.4,66.4,5576
2021,6,24,THURSDAY,FALSE,26.0,20.8,5344
2021,6,25,FRIDAY,FALSE,27.1,6.8,6719
2021,6,26,SATURDAY,FALSE,27.9,61.3,6062
2021,6,27,SUNDAY,FALSE,29.4,5.8,6778
2021,6,28,MONDAY,FALSE,27.7,166.5,5435
2021,6,29,TUESDAY,FALSE,29.6,4.6,5325
2021,6,30,WEDNESDAY,FALSE,30.1,0.4,6085
2021,7,1,THURSDAY,TRUE,30.3,0.0,5541
2021,7,2,FRIDAY,FALSE,30.6,0.0,5611
2021,7,3,SATURDAY,FALSE,30.4,0.0,6507
2021,7,4,SUNDAY,FALSE,30.4,0.0,6435
2021,7,5,MONDAY,FALSE,30.2,2.3,6554
2021,7,6,TUESDAY,FALSE,29.4,18.4,5437
2021,7,7,WEDNESDAY,FALSE,29.4,11.7,6812
2021,7,8,THURSDAY,FALSE,29.8,1.5,6770
2021,7,9,FRIDAY,FALSE,30.5,0.0,5501
2021,7,10,SATURDAY,FALSE,30.5,0.0,6336
2021,7,11,SUNDAY,FALSE,30.6,0.0,5717
2021,7,12,MONDAY,FALSE,30.9,0.1,5694
2021,7,13,TUESDAY,FALSE,31.1,0.0,5373
2021,7,14,WEDNESDAY,FALSE,30.7,1.5,6748
2021,7,15,THURSDAY,FALSE,31.3,0.0,6878
2021,7,16,FRIDAY,FALSE,29.6,0.0,5710
2021,7,17,SATURDAY,FALSE,28.8,0.2,5338
2021,7,18,SUNDAY,FALSE,26.9,42.4,6324
2021,7,19,MONDAY,FALSE,26.5,117.2,6070
2021,7,20,TUESDAY,FALSE,26.2,87.8,5399
2021,7,21,WEDNESDAY,FALSE,26.8,28.4,5356
2021,7,22,THURSDAY,FALSE,29.3,0.0,6288
2021,7,23,FRIDAY,FALSE,30.3,0.0,5859
2021,7,24,SATURDAY,FALSE,29.8,26.5,5612
2021,7,25,SUNDAY,FALSE,29.6,8.9,6323
2021,7,26,MONDAY,FALSE,30.7,0.0,6226
2021,7,27,TUESDAY,FALSE,31.3,0.0,5324
2021,7,28,WEDNESDAY,FALSE,30.8,0.0,6005
2021,7,29,THURSDAY,FALSE,29.5,7.8,5697
2021,7,30,FRIDAY,FALSE,28.8,7.9,5383
2021,7,31,SATURDAY,FALSE,29.7,16.9,6584
2021,8,1,SUNDAY,FALSE,29.4,11.6,6165
2021,8,2,MONDAY,FALSE,30.0,0.0,6218
2021,8,3,TUESDAY,FALSE,28.2,19.7,6613
2021,8,4,WEDNESDAY,FALSE,28.2,41.9,5383
2021,8,5,THURSDAY,FALSE,27.6,28.1,6232
2021,8,6,FRIDAY,FALSE,28.3,31.0,5671
2021,8,7,SATURDAY,FALSE,28.8,0.0,5709
2021,8,8,SUNDAY,FALSE,29.3,3.1,6609
2021,8,9,MONDAY,FALSE,29.1,36.3,6670
2021,8,10,TUESDAY,FALSE,29.0,17.3,6208
2021,8,11,WEDNESDAY,FALSE,29.5,3.0,6084
2021,8,12,THURSDAY,FALSE,29.0,1.0,5848
2021,8,13,FRIDAY,FALSE,28.6,5.4,6157
2021,8,14,SATURDAY,FALSE,28.0,2.2,5540
2021,8,15,SUNDAY,FALSE,27.3,5.7,6192
2021,8,16,MONDAY,FALSE,28.3,3.9,5710
2021,8,17,TUESDAY,FALSE,29.5,0.0,5769
2021,8,18,WEDNESDAY,FALSE,29.5,0.0,5870
2021,8,19,THURSDAY,FALSE,28.6,34.6,6516
2021,8,20,FRIDAY,FALSE,29.5,0.0,6301
2021,8,21,SATURDAY,FALSE,29.8,0.0,6578
2021,8,22,SUNDAY,FALSE,30.1,0.0,6108
2021,8,23,MONDAY,FALSE,30.2,0.0,5757
2021,8,24,TUESDAY,FALSE,29.6,23.7,6095
2021,8,25,WEDNESDAY,FALSE,29.7,1.1,6669
2021,8,26,THURSDAY,FALSE,29.7,2.2,5641
2021,8,27,FRIDAY,FALSE,25.6,29.3,6335
2021,8,28,SATURDAY,FALSE,26.9,22.0,6110
2021,8,29,SUNDAY,FALSE,27.8,13.9,5902
2021,8,30,MONDAY,FALSE,29.1,0.0,5954
2021,8,31,TUESDAY,FALSE,27.3,13.5,5973
2021,9,1,WEDNESDAY,FALSE,28.7,5.9,6045
2021,9,2,THURSDAY,FALSE,29.5,0.0,6356
2021,9,3,FRIDAY,FALSE,29.8,0.0,6372
2021,9,4,SATURDAY,FALSE,29.8,0.9,6111
2021,9,5,SUNDAY,FALSE,29.8,0.0,6561
2021,9,6,MONDAY,FALSE,29.7,0.0,6004
2021,9,7,TUESDAY,FALSE,30.1,0.2,6586
2021,9,8,WEDNESDAY,FALSE,30.6,0.0,6042
2021,9,9,THURSDAY,FALSE,30.1,0.0,5793
2021,9,10,FRIDAY,FALSE,30.5,0.0,6281
2021,9,11,SATURDAY,FALSE,30.5,0.0,5399
2021,9,12,SUNDAY,FALSE,31.2,0.0,6112
2021,9,13,MONDAY,FALSE,30.9,0.0,5766
2021,9,14,TUESDAY,FALSE,29.0,33.8,5999
2021,9,15,WEDNESDAY,FALSE,30.2,0.0,6536
2021,9,16,THURSDAY,FALSE,29.2,0.0,5991
2021,9,17,FRIDAY,FALSE,29.5,7.6,5828
2021,9,18,SATURDAY,FALSE,30.2,0.2,6733
2021,9,19,SUNDAY,FALSE,29.3,21.2,6101
2021,9,20,MONDAY,FALSE,29.3,9.4,6393
2021,9,21,TUESDAY,FALSE,29.0,10.2,5976
2021,9,22,WEDNESDAY,TRUE,30.3,0.5,6778
2021,9,23,THURSDAY,FALSE,28.0,38.4,5392
2021,9,24,FRIDAY,FALSE,29.4,1.2,6450
2021,9,25,SATURDAY,FALSE,29.6,0.1,5728
2021,9,26,SUNDAY,FALSE,29.1,0.0,6477
2021,9,27,MONDAY,FALSE,29.5,0.0,6807
2021,9,28,TUESDAY,FALSE,29.6,0.0,6337
2021,9,29,WEDNESDAY,FALSE,29.7,0.0,6417
2021,9,30,THURSDAY,FALSE,30.3,0.0,5944
2021,10,1,FRIDAY,TRUE,30.3,0.0,6540
2021,10,2,SATURDAY,FALSE,30.0,0.0,6587
2021,10,3,SUNDAY,FALSE,28.8,1.9,5594
2021,10,4,MONDAY,FALSE,29.8,0.0,6046
2021,10,5,TUESDAY,FALSE,30.1,0.0,5443
2021,10,6,WEDNESDAY,FALSE,29.5,0.0,6642
2021,10,7,THURSDAY,FALSE,28.8,43.9,6626
2021,10,8,FRIDAY,FALSE,25.5,329.7,6565
2021,10,9,SATURDAY,FALSE,26.5,130.3,6302
2021,10,10,SUNDAY,FALSE,26.8,45.1,5742
2021,10,11,MONDAY,FALSE,28.5,0.0,5865
2021,10,12,TUESDAY,FALSE,25.1,0.2,5982
2021,10,13,WEDNESDAY,FALSE,25.8,57.7,6006
2021,10,14,THURSDAY,TRUE,27.8,13.3,6786
2021,10,15,FRIDAY,FALSE,26.2,4.6,5658
2021,10,16,SATURDAY,FALSE,26.8,0.0,6464
2021,10,17,SUNDAY,FALSE,24.2,0.0,6223
2021,10,18,MONDAY,FALSE,23.9,0.0,5573
2021,10,19,TUESDAY,FALSE,25.7,0.0,5872
2021,10,20,WEDNESDAY,FALSE,26.8,0.1,6060
2021,10,21,THURSDAY,FALSE,24.2,0.7,6545
2021,10,22,FRIDAY,FALSE,19.3,0.0,5789
2021,10,23,SATURDAY,FALSE,20.5,0.0,6280
2021,10,24,SUNDAY,FALSE,22.1,0.0,5404
2021,10,25,MONDAY,FALSE,23.1,0.0,6776
2021,10,26,TUESDAY,FALSE,25.1,0.0,6380
2021,10,27,WEDNESDAY,FALSE,25.6,0.0,5695
2021,10,28,THURSDAY,FALSE,25.7,0.1,6231
2021,10,29,FRIDAY,FALSE,25.5,1.1,5934
2021,10,30,SATURDAY,FALSE,24.4,2.4,6639
2021,10,31,SUNDAY,FALSE,24.3,0.0,5611
2021,11,1,MONDAY,FALSE,25.2,0.0,5847
2021,11,2,TUESDAY,FALSE,25.1,0.0,5491
2021,11,3,WEDNESDAY,FALSE,25.2,0.0,6394
2021,11,4,THURSDAY,FALSE,25.5,0.0,6338
2021,11,5,FRIDAY,FALSE,25.6,0.0,6213
2021,11,6,SATURDAY,FALSE,26.4,0.0,6728
2021,11,7,SUNDAY,FALSE,26.1,0.0,5450
2021,11,8,MONDAY,FALSE,20.1,2.0,6322
2021,11,9,TUESDAY,FALSE,19.5,0.0,5672
2021,11,10,WEDNESDAY,FALSE,20.5,0.0,6712
2021,11,11,THURSDAY,FALSE,21.5,0.0,6624
2021,11,12,FRIDAY,FALSE,22.6,0.0,6100
2021,11,13,SATURDAY,FALSE,22.3,0.0,5725
2021,11,14,SUNDAY,FALSE,21.6,0.0,5577
2021,11,15,MONDAY,FALSE,22.1,0.0,6277
2021,11,16,TUESDAY,FALSE,23.2,0.0,5601
2021,11,17,WEDNESDAY,FALSE,23.5,0.0,5775
2021,11,18,THURSDAY,FALSE,22.4,0.0,5961
2021,11,19,FRIDAY,FALSE,23.0,0.0,5674
2021,11,20,SATURDAY,FALSE,23.7,0.3,6646
2021,11,21,SUNDAY,FALSE,23.5,0.0,6670
2021,11,22,MONDAY,FALSE,19.6,3.5,6554
2021,11,23,TUESDAY,FALSE,16.1,0.0,5403
2021,11,24,WEDNESDAY,FALSE,19.0,0.0,6083
2021,11,25,THURSDAY,FALSE,20.6,0.0,6775
2021,11,26,FRIDAY,FALSE,21.6,0.0,5499
2021,11,27,SATURDAY,FALSE,21.2,0.0,6292
2021,11,28,SUNDAY,FALSE,21.6,0.0,5441
2021,11,29,MONDAY,FALSE,22.4,0.0,6267
2021,11,30,TUESDAY,FALSE,21.3,0.0,6324
2021,12,1,WEDNESDAY,FALSE,17.3,0.0,5648
2021,12,2,THURSDAY,FALSE,17.4,0.0,6826
2021,12,3,FRIDAY,FALSE,18.0,0.0,5946
2021,12,4,SATURDAY,FALSE,18.1,0.0,6597
2021,12,5,SUNDAY,FALSE,19.1,0.0,5741
2021,12,6,MONDAY,FALSE,19.2,0.0,6645
2021,12,7,TUESDAY,FALSE,19.9,0.0,6703
2021,12,8,WEDNESDAY,FALSE,20.1,0.0,6155
2021,12,9,THURSDAY,FALSE,20.2,0.0,5809
2021,12,10,FRIDAY,FALSE,20.9,0.0,6804
2021,12,11,SATURDAY,FALSE,21.4,0.0,5857
2021,12,12,SUNDAY,FALSE,21.5,0.0,5609
2021,12,13,MONDAY,FALSE,19.4,0.0,6759
2021,12,14,TUESDAY,FALSE,20.5,0.0,6318
2021,12,15,WEDNESDAY,FALSE,21.5,0.2,5467
2021,12,16,THURSDAY,FALSE,23.2,0.0,5829
2021,12,17,FRIDAY,FALSE,21.7,0.0,5910
2021,12,18,SATURDAY,FALSE,18.1,0.0,6094
2021,12,19,SUNDAY,FALSE,17.9,0.0,6154
2021,12,20,MONDAY,FALSE,17.2,9.4,5656
2021,12,21,TUESDAY,FALSE,17.3,2.4,6713
2021,12,22,WEDNESDAY,FALSE,19.3,0.0,6714
2021,12,23,THURSDAY,FALSE,19.9,0.8,6175
2021,12,24,FRIDAY,FALSE,19.9,1.7,5681
2021,12,25,SATURDAY,TRUE,19.6,0.0,6726
2021,12,26,SUNDAY,FALSE,15.0,3.5,5853
2021,12,27,MONDAY,TRUE,12.0,1.3,6671
2021,12,28,TUESDAY,FALSE,15.3,0.2,6226
2021,12,29,WEDNESDAY,FALSE,18.4,0.0,5735
2021,12,30,THURSDAY,FALSE,18.1,0.0,5608
2021,12,31,FRIDAY,FALSE,18.0,0.0,6363
2022,1,1,SATURDAY,TRUE,17.6,0.0,6117
2022,1,2,SUNDAY,FALSE,18.4,0.0,6149
2022,1,3,MONDAY,FALSE,18.3,0.0,5627
2022,1,4,TUESDAY,FALSE,19.1,0.0,5806
2022,1,5,WEDNESDAY,FALSE,20.4,0.0,5999
2022,1,6,THURSDAY,FALSE,20.3,0.0,6000
2022,1,7,FRIDAY,FALSE,18.6,0.0,6774
2022,1,8,SATURDAY,FALSE,17.8,0.0,6002
2022,1,9,SUNDAY,FALSE,18.0,0.0,5481
2022,1,10,MONDAY,FALSE,18.4,0.0,6055
2022,1,11,TUESDAY,FALSE,15.8,1.2,5694
2022,1,12,WEDNESDAY,FALSE,16.1,0.0,5579
2022,1,13,THURSDAY,FALSE,17.0,0.0,5773
2022,1,14,FRIDAY,FALSE,16.6,0.0,6771
2022,1,15,SATURDAY,FALSE,17.9,0.0,5590
2022,1,16,SUNDAY,FALSE,18.8,0.0,5941
2022,1,17,MONDAY,FALSE,17.8,0.0,6887
2022,1,18,TUESDAY,FALSE,17.3,0.2,6721
2022,1,19,WEDNESDAY,FALSE,17.1,0.0,6042
2022,1,20,THURSDAY,FALSE,17.6,0.0,5451
2022,1,21,FRIDAY,FALSE,17.9,0.0,6218
2022,1,22,SATURDAY,FALSE,17.3,1.5,6305
2022,1,23,SUNDAY,FALSE,19.4,0.1,6809
2022,1,24,MONDAY,FALSE,19.7,1.0,5772
2022,1,25,TUESDAY,FALSE,18.6,0.0,5969
2022,1,26,WEDNESDAY,FALSE,19.2,0.0,5906
2022,1,27,THURSDAY,FALSE,19.8,0.0,5566
2022,1,28,FRIDAY,FALSE,18.8,0.0,6835
2022,1,29,SATURDAY,FALSE,18.1,0.1,5517
2022,1,30,SUNDAY,FALSE,16.0,0.0,6280
2022,1,31,MONDAY,FALSE,14.6,0.0,6890
2022,2,1,TUESDAY,TRUE,14.3,1.2,5329
2022,2,2,WEDNESDAY,TRUE,15.6,1.0,5525
2022,2,3,THURSDAY,TRUE,13.4,1.0,5554
2022,2,4,FRIDAY,FALSE,14.4,0.0,5791
2022,2,5,SATURDAY,FALSE,15.2,0.0,5448
2022,2,6,SUNDAY,FALSE,16.0,0.0,6840
2022,2,7,MONDAY,FALSE,16.4,0.0,5935
2022,2,8,TUESDAY,FALSE,17.1,0.0,6277
2022,2,9,WEDNESDAY,FALSE,16.1,0.0,5639
2022,2,10,THURSDAY,FALSE,17.0,0.0,6277
2022,2,11,FRIDAY,FALSE,18.6,0.0,6246
2022,2,12,SATURDAY,FALSE,18.7,0.0,5888
2022,2,13,SUNDAY,FALSE,17.2,1.2,5724
2022,2,14,MONDAY,FALSE,17.0,1.2,6432
2022,2,15,TUESDAY,FALSE,17.6,0.0,5488
2022,2,16,WEDNESDAY,FALSE,16.9,0.0,6722
2022,2,17,THURSDAY,FALSE,15.6,4.0,5528
2022,2,18,FRIDAY,FALSE,15.9,0.0,6714
2022,2,19,SATURDAY,FALSE,12.4,21.3,6390
2022,2,20,SUNDAY,FALSE,8.5,43.4,6479
2022,2,21,MONDAY,FALSE,8.8,43.3,6387
2022,2,22,TUESDAY,FALSE,10.7,39.9,5705
2022,2,23,WEDNESDAY,FALSE,12.1,11.0,5805
2022,2,24,THURSDAY,FALSE,12.6,0.0,5811
2022,2,25,FRIDAY,FALSE,15.3,0.0,6639
2022,2,26,SATURDAY,FALSE,16.8,0.0,5397
2022,2,27,SUNDAY,FALSE,17.6,0.0,5454
2022,2,28,MONDAY,FALSE,18.9,0.0,6261
2022,3,1,TUESDAY,FALSE,22.0,0.0,6626
2022,3,2,WEDNESDAY,FALSE,20.7,0.0,6192
2022,3,3,THURSDAY,FALSE,19.5,0.0,6829
2022,3,4,FRIDAY,FALSE,21.3,0.0,6649
2022,3,5,SATURDAY,FALSE,20.6,0.0,5875
2022,3,6,SUNDAY,FALSE,19.1,0.0,6774
2022,3,7,MONDAY,FALSE,19.8,4.8,6066
2022,3,8,TUESDAY,FALSE,17.5,0.0,6109
2022,3,9,WEDNESDAY,FALSE,18.7,0.0,5842
2022,3,10,THURSDAY,FALSE,20.7,0.0,6141
2022,3,11,FRIDAY,FALSE,22.1,0.0,6539
2022,3,12,SATURDAY,FALSE,22.3,0.0,6730
2022,3,13,SUNDAY,FALSE,23.6,0.1,5964
2022,3,14,MONDAY,FALSE,24.1,0.0,5550
2022,3,15,TUESDAY,FALSE,23.8,0.0,5957
2022,3,16,WEDNESDAY,FALSE,22.3,0.0,6549
2022,3,17,THURSDAY,FALSE,24.3,0.0,5651
2022,3,18,FRIDAY,FALSE,24.4,0.0,5419
2022,3,19,SATURDAY,FALSE,23.3,0.0,6510
2022,3,20,SUNDAY,FALSE,21.0,0.0,6197
2022,3,21,MONDAY,FALSE,22.1,0.0,6140
2022,3,22,TUESDAY,FALSE,23.0,0.0,5569
2022,3,23,WEDNESDAY,FALSE,17.7,54.8,5824
2022,3,24,THURSDAY,FALSE,17.6,1.8,5998
2022,3,25,FRIDAY,FALSE,23.1,0.7,6568
2022,3,26,SATURDAY,FALSE,26.4,0.1,5871
2022,3,27,SUNDAY,FALSE,21.9,0.0,6657
2022,3,28,MONDAY,FALSE,17.5,30.3,6323
2022,3,29,TUESDAY,FALSE,19.1,0.1,5946
2022,3,30,WEDNESDAY,FALSE,22.4,0.0,5652
2022,3,31,THURSDAY,FALSE,24.4,0.0,6655
2022,4,1,FRIDAY,FALSE,19.0,0.5,5591
2022,4,2,SATURDAY,FALSE,15.0,1.3,6758
2022,4,3,SUNDAY,FALSE,18.7,0.0,5624
2022,4,4,MONDAY,FALSE,20.1,0.0,6377
2022,4,5,TUESDAY,TRUE,21.3,0.0,5916
2022,4,6,WEDNESDAY,FALSE,22.3,0.0,6052
2022,4,7,THURSDAY,FALSE,22.8,0.0,5908
2022,4,8,FRIDAY,FALSE,23.6,0.0,5509
2022,4,9,SATURDAY,FALSE,23.1,0.0,5396
2022,4,10,SUNDAY,FALSE,23.8,0.0,6663
2022,4,11,MONDAY,FALSE,25.5,0.0,5633
2022,4,12,TUESDAY,FALSE,25.7,0.0,6715
2022,4,13,WEDNESDAY,FALSE,25.3,0.0,5886
2022,4,14,THURSDAY,FALSE,25.5,0.0,6422
2022,4,15,FRIDAY,TRUE,24.3,0.0,5959
2022,4,16,SATURDAY,TRUE,21.8,0.0,5813
2022,4,17,SUNDAY,FALSE,21.4,0.4,5946
2022,4,18,MONDAY,TRUE,21.7,0.0,5425
2022,4,19,TUESDAY,FALSE,20.1,0.8,6518
2022,4,20,WEDNESDAY,FALSE,21.9,0.0,5643
2022,4,21,THURSDAY,FALSE,23.9,0.0,5599
2022,4,22,FRIDAY,FALSE,24.8,0.0,6612
2022,4,23,SATURDAY,FALSE,26.4,0.0,6272
2022,4,24,SUNDAY,FALSE,27.2,0.0,5786
2022,4,25,MONDAY,FALSE,27.9,0.0,5637
2022,4,26,TUESDAY,FALSE,27.7,0.0,6209
2022,4,27,WEDNESDAY,FALSE,28.4,0.0,6262
2022,4,28,THURSDAY,FALSE,28.4,0.0,5674
2022,4,29,FRIDAY,FALSE,28.2,0.0,5823
2022,4,30,SATURDAY,FALSE,25.4,0.5,5843
2022,5,1,SUNDAY,FALSE,20.7,32.4,6535
2022,5,2,MONDAY,TRUE,18.5,23.4,6016
2022,5,3,TUESDAY,FALSE,22.3,0.0,6298
2022,5,4,WEDNESDAY,FALSE,24.6,0.0,6399
2022,5,5,THURSDAY,FALSE,25.2,0.0,5659
2022,5,6,FRIDAY,FALSE,25.5,0.0,6591
2022,5,7,SATURDAY,FALSE,25.4,0.8,6466
2022,5,8,SUNDAY,FALSE,25.0,0.0,6590
2022,5,9,MONDAY,TRUE,25.6,0.0,5582
2022,5,10,TUESDAY,FALSE,25.7,1.4,6453
2022,5,11,WEDNESDAY,FALSE,25.0,61.4,6784
2022,5,12,THURSDAY,FALSE,25.8,123.5,6572
2022,5,13,FRIDAY,FALSE,25.5,107.1,6334
2022,5,14,SATURDAY,FALSE,24.6,5.0,6236
2022,5,15,SUNDAY,FALSE,22.6,26.2,5411
2022,5,16,MONDAY,FALSE,20.0,4.7,6286
2022,5,17,TUESDAY,FALSE,22.4,0.0,5980
2022,5,18,WEDNESDAY,FALSE,23.9,0.0,5932
2022,5,19,THURSDAY,FALSE,25.8,0.0,6056
2022,5,20,FRIDAY,FALSE,26.9,0.0,6005
2022,5,21,SATURDAY,FALSE,26.9,0.0,6695
2022,5,22,SUNDAY,FALSE,25.0,0.6,5897
2022,5,23,MONDAY,FALSE,24.0,11.2,6098
2022,5,24,TUESDAY,FALSE,24.4,10.3,5842
2022,5,25,WEDNESDAY,FALSE,25.3,1.3,5945
2022,5,26,THURSDAY,FALSE,26.7,2.4,5781
2022,5,27,FRIDAY,FALSE,27.4,24.7,6552
2022,5,28,SATURDAY,FALSE,28.7,0.0,5845
2022,5,29,SUNDAY,FALSE,29.1,0.0,5391
2022,5,30,MONDAY,FALSE,29.2,0.0,6044
2022,5,31,TUESDAY,FALSE,28.2,0.1,5977
2022,6,1,WEDNESDAY,FALSE,28.7,1.2,6142
2022,6,2,THURSDAY,FALSE,28.8,11.9,5460
2022,6,3,FRIDAY,TRUE,29.2,1.6,6067
2022,6,4,SATURDAY,FALSE,29.6,0.0,6791
2022,6,5,SUNDAY,FALSE,29.6,0.0,5814
2022,6,6,MONDAY,FALSE,28.9,2.5,5745
2022,6,7,TUESDAY,FALSE,27.4,33.8,6571
2022,6,8,WEDNESDAY,FALSE,25.8,66.0,6326
2022,6,9,THURSDAY,FALSE,26.3,28.7,5437
2022,6,10,FRIDAY,FALSE,26.1,25.8,5377
2022,6,11,SATURDAY,FALSE,26.8,47.5,5539
2022,6,12,SUNDAY,FALSE,28.4,2.6,6088
2022,6,13,MONDAY,FALSE,28.9,0.0,5406
2022,6,14,TUESDAY,FALSE,27.4,42.8,5587
2022,6,15,WEDNESDAY,FALSE,26.7,11.0,5468
2022,6,16,THURSDAY,FALSE,27.6,2.6,6219
2022,6,17,FRIDAY,FALSE,29.0,1.0,6066
2022,6,18,SATURDAY,FALSE,28.8,1.3,5378
2022,6,19,SUNDAY,FALSE,29.3,0.1,6174
2022,6,20,MONDAY,FALSE,29.2,2.8,5589
2022,6,21,TUESDAY,FALSE,29.4,0.0,6888
2022,6,22,WEDNESDAY,FALSE,29.5,0.0,6306
2022,6,23,THURSDAY,FALSE,30.0,0.0,6837
2022,6,24,FRIDAY,FALSE,30.0,0.0,5760
2022,6,25,SATURDAY,FALSE,29.6,0.0,5720
2022,6,26,SUNDAY,FALSE,30.0,0.3,6105
2022,6,27,MONDAY,FALSE,30.1,0.1,5788
2022,6,28,TUESDAY,FALSE,30.6,0.0,5964
2022,6,29,WEDNESDAY,FALSE,30.2,0.7,6001
2022,6,30,THURSDAY,FALSE,27.5,64.9,6565
2022,7,1,FRIDAY,TRUE,27.2,63.0,6446
2022,7,2,SATURDAY,FALSE,26.9,72.4,5736
2022,7,3,SUNDAY,FALSE,29.0,0.0,6873
2022,7,4,MONDAY,FALSE,28.8,0.4,6183
2022,7,5,TUESDAY,FALSE,29.0,0.2,6359
2022,7,6,WEDNESDAY,FALSE,28.8,0.5,6776
2022,7,7,THURSDAY,FALSE,28.7,13.1,5473
2022,7,8,FRIDAY,FALSE,30.0,0.0,6269
2022,7,9,SATURDAY,FALSE,29.9,0.0,6764
2022,7,10,SUNDAY,FALSE,30.5,0.0,5579
2022,7,11,MONDAY,FALSE,30.9,0.0,5753
2022,7,12,TUESDAY,FALSE,31.1,0.0,6420
2022,7,13,WEDNESDAY,FALSE,31.0,0.0,6429
2022,7,14,THURSDAY,FALSE,30.4,0.0,6390
2022,7,15,FRIDAY,FALSE,30.4,0.2,5773
2022,7,16,SATURDAY,FALSE,30.5,1.5,6632
2022,7,17,SUNDAY,FALSE,30.5,1.2,6285
2022,7,18,MONDAY,FALSE,30.4,2.7,6174
2022,7,19,TUESDAY,FALSE,30.8,0.0,5878
2022,7,20,WEDNESDAY,FALSE,30.8,0.6,6290
2022,7,21,THURSDAY,FALSE,30.9,0.3,6798
2022,7,22,FRIDAY,FALSE,31.2,0.0,6559
2022,7,23,SATURDAY,FALSE,31.4,0.0,6098
2022,7,24,SUNDAY,FALSE,32.0,0.0,5512
2022,7,25,MONDAY,FALSE,32.0,0.0,5896
2022,7,26,TUESDAY,FALSE,31.2,0.0,6113
2022,7,27,WEDNESDAY,FALSE,31.0,0.0,6288
2022,7,28,THURSDAY,FALSE,31.2,0.0,6386
2022,7,29,FRIDAY,FALSE,31.7,0.0,6692
2022,7,30,SATURDAY,FALSE,29.5,2.4,6110
2022,7,31,SUNDAY,FALSE,30.8,0.0,5683
2022,8,1,MONDAY,FALSE,31.4,0.0,6410
2022,8,2,TUESDAY,FALSE,31.1,0.2,5871
2022,8,3,WEDNESDAY,FALSE,28.2,34.9,5484
2022,8,4,THURSDAY,FALSE,27.1,14.9,6025
2022,8,5,FRIDAY,FALSE,26.1,165.5,6499
2022,8,6,SATURDAY,FALSE,27.9,5.5,5481
2022,8,7,SUNDAY,FALSE,29.6,2.8,5981
2022,8,8,MONDAY,FALSE,28.3,33.3,5439
2022,8,9,TUESDAY,FALSE,26.7,72.0,5546
2022,8,10,WEDNESDAY,FALSE,27.4,49.7,6595
2022,8,11,THURSDAY,FALSE,26.7,12.4,5807
2022,8,12,FRIDAY,FALSE,26.1,76.0,6080
2022,8,13,SATURDAY,FALSE,28.7,0.0,5516
2022,8,14,SUNDAY,FALSE,29.5,0.0,6076
2022,8,15,MONDAY,FALSE,30.0,0.0,6558
2022,8,16,TUESDAY,FALSE,29.4,9.1,5470
2022,8,17,WEDNESDAY,FALSE,28.2,29.8,6382
2022,8,18,THURSDAY,FALSE,28.1,22.1,6356
2022,8,19,FRIDAY,FALSE,28.3,4.8,6547
2022,8,20,SATURDAY,FALSE,28.2,8.4,6715
2022,8,21,SUNDAY,FALSE,29.0,1.9,5776
2022,8,22,MONDAY,FALSE,30.1,0.0,5409
2022,8,23,TUESDAY,FALSE,31.1,0.0,6399
2022,8,24,WEDNESDAY,FALSE,30.8,5.5,6883
2022,8,25,THURSDAY,FALSE,27.2,48.1,6234
2022,8,26,FRIDAY,FALSE,29.4,0.1,5466
2022,8,27,SATURDAY,FALSE,29.7,0.0,5988
2022,8,28,SUNDAY,FALSE,30.5,0.0,5961
2022,8,29,MONDAY,FALSE,30.1,0.0,5777
2022,8,30,TUESDAY,FALSE,29.5,13.1,6322
2022,8,31,WEDNESDAY,FALSE,29.7,4.7,5493
2022,9,1,THURSDAY,FALSE,29.4,2.8,6406
2022,9,2,FRIDAY,FALSE,29.5,0.0,5322
2022,9,3,SATURDAY,FALSE,30.0,0.0,6502
2022,9,4,SUNDAY,FALSE,30.8,0.0,5884
2022,9,5,MONDAY,FALSE,31.1,0.0,6517
2022,9,6,TUESDAY,FALSE,30.8,0.0,6735
2022,9,7,WEDNESDAY,FALSE,28.4,8.6,6144
2022,9,8,THURSDAY,FALSE,29.5,0.0,5506
2022,9,9,FRIDAY,FALSE,29.6,0.0,6317
2022,9,10,SATURDAY,FALSE,28.9,0.0,5952
2022,9,11,SUNDAY,FALSE,29.4,0.0,6058
2022,9,12,MONDAY,TRUE,30.8,0.0,5817
2022,9,13,TUESDAY,FALSE,31.7,0.0,6062
2022,9,14,WEDNESDAY,FALSE,31.7,0.0,6633
2022,9,15,THURSDAY,FALSE,31.3,0.0,5665
2022,9,16,FRIDAY,FALSE,30.8,0.0,6528
2022,9,17,SATURDAY,FALSE,31.1,0.0,5991
2022,9,18,SUNDAY,FALSE,30.1,20.3,6239
2022,9,19,MONDAY,FALSE,28.8,3.3,6668
2022,9,20,TUESDAY,FALSE,28.9,3.5,5828
2022,9,21,WEDNESDAY,FALSE,28.1,8.5,6436
2022,9,22,THURSDAY,FALSE,28.5,0.0,5925
2022,9,23,FRIDAY,FALSE,28.5,13.4,5385
2022,9,24,SATURDAY,FALSE,28.3,0.0,6382
2022,9,25,SUNDAY,FALSE,28.8,0.0,6130
2022,9,26,MONDAY,FALSE,29.4,0.0,6805
2022,9,27,TUESDAY,FALSE,29.2,0.0,6045
2022,9,28,WEDNESDAY,FALSE,28.8,0.0,5734
2022,9,29,THURSDAY,FALSE,28.0,8.1,6561
2022,9,30,FRIDAY,FALSE,26.4,102.7,6541
2022,10,1,SATURDAY,TRUE,27.7,2.6,6688
2022,10,2,SUNDAY,FALSE,28.9,0.0,6823
2022,10,3,MONDAY,FALSE,29.5,0.0,6713
2022,10,4,TUESDAY,TRUE,29.4,0.0,5962
2022,10,5,WEDNESDAY,FALSE,29.1,0.0,6348
2022,10,6,THURSDAY,FALSE,28.9,0.0,5546
2022,10,7,FRIDAY,FALSE,28.3,22.8,6858
2022,10,8,SATURDAY,FALSE,27.7,0.0,6774
2022,10,9,SUNDAY,FALSE,27.1,4.8,5877
2022,10,10,MONDAY,FALSE,24.0,0.0,6323
2022,10,11,TUESDAY,FALSE,24.1,0.0,5682
2022,10,12,WEDNESDAY,FALSE,25.2,0.0,5751
2022,10,13,THURSDAY,FALSE,26.0,0.0,5858
2022,10,14,FRIDAY,FALSE,26.9,0.0,5870
2022,10,15,SATURDAY,FALSE,27.5,0.0,6677
2022,10,16,SUNDAY,FALSE,28.3,0.0,6298
2022,10,17,MONDAY,FALSE,27.2,0.0,5650
2022,10,18,TUESDAY,FALSE,20.9,19.7,5951
2022,10,19,WEDNESDAY,FALSE,23.0,0.0,6008
2022,10,20,THURSDAY,FALSE,24.3,0.0,6821
2022,10,21,FRIDAY,FALSE,25.2,0.0,6154
2022,10,22,SATURDAY,FALSE,26.6,0.0,6054
2022,10,23,SUNDAY,FALSE,26.5,0.0,5326
2022,10,24,MONDAY,FALSE,25.2,0.0,6129
2022,10,25,TUESDAY,FALSE,23.8,0.0,5390
2022,10,26,WEDNESDAY,FALSE,23.9,0.0,6431
2022,10,27,THURSDAY,FALSE,24.6,0.0,6397
2022,10,28,FRIDAY,FALSE,25.5,0.0,6641
2022,10,29,SATURDAY,FALSE,25.7,0.0,6548
2022,10,30,SUNDAY,FALSE,25.4,0.0,6776
2022,10,31,MONDAY,FALSE,25.4,0.0,5530
2022,11,1,TUESDAY,FALSE,22.0,4.5,5835
2022,11,2,WEDNESDAY,FALSE,20.2,23.7,5896
2022,11,3,THURSDAY,FALSE,22.1,58.1,6143
2022,11,4,FRIDAY,FALSE,22.6,4.0,5901
2022,11,5,SATURDAY,FALSE,21.5,0.0,6321
2022,11,6,SUNDAY,FALSE,20.8,6.6,6495
2022,11,7,MONDAY,FALSE,21.5,1.6,5942
2022,11,8,TUESDAY,FALSE,22.4,7.7,5879
2022,11,9,WEDNESDAY,FALSE,23.8,0.0,5739
2022,11,10,THURSDAY,FALSE,24.8,0.0,5589
2022,11,11,FRIDAY,FALSE,25.0,0.0,5498
2022,11,12,SATURDAY,FALSE,24.6,0.0,6621
2022,11,13,SUNDAY,FALSE,24.8,0.0,5571
2022,11,14,MONDAY,FALSE,24.1,0.0,6890
2022,11,15,TUESDAY,FALSE,24.3,0.0,6531
2022,11,16,WEDNESDAY,FALSE,24.1,0.0,5366
2022,11,17,THURSDAY,FALSE,24.5,0.0,6477
2022,11,18,FRIDAY,FALSE,24.6,0.0,6841
2022,11,19,SATURDAY,FALSE,25.1,0.0,6554
2022,11,20,SUNDAY,FALSE,24.7,0.0,6460
2022,11,21,MONDAY,FALSE,23.9,0.5,5729
2022,11,22,TUESDAY,FALSE,23.4,2.5,6843
2022,11,23,WEDNESDAY,FALSE,23.4,3.4,6484
2022,11,24,THURSDAY,FALSE,21.8,9.6,6529
2022,11,25,FRIDAY,FALSE,22.3,4.8,5774
2022,11,26,SATURDAY,FALSE,22.7,0.5,5979
2022,11,27,SUNDAY,FALSE,23.1,1.9,5473
2022,11,28,MONDAY,FALSE,25.6,1.4,5500
2022,11,29,TUESDAY,FALSE,25.5,0.0,5370
2022,11,30,WEDNESDAY,FALSE,22.8,0.0,5756
2022,12,1,THURSDAY,FALSE,16.5,0.0,5731
2022,12,2,FRIDAY,FALSE,16.5,0.0,5471
2022,12,3,SATURDAY,FALSE,19.2,0.0,6630
2022,12,4,SUNDAY,FALSE,21.2,0.0,6334
2022,12,5,MONDAY,FALSE,17.9,0.0,5832
2022,12,6,TUESDAY,FALSE,17.1,0.0,5578
2022,12,7,WEDNESDAY,FALSE,18.7,0.0,5869
2022,12,8,THURSDAY,FALSE,19.9,0.0,5692
2022,12,9,FRIDAY,FALSE,19.6,0.0,6006
2022,12,10,SATURDAY,FALSE,18.4,0.0,5932
2022,12,11,SUNDAY,FALSE,16.7,0.0,5665
2022,12,12,MONDAY,FALSE,16.2,0.0,6376
2022,12,13,TUESDAY,FALSE,14.5,3.2,6256
2022,12,14,WEDNESDAY,FALSE,12.5,8.7,6771
2022,12,15,THURSDAY,FALSE,14.6,3.8,6366
2022,12,16,FRIDAY,FALSE,16.9,0.9,5723
2022,12,17,SATURDAY,FALSE,13.2,9.1,6822
2022,12,18,SUNDAY,FALSE,11.8,0.0,6728
2022,12,19,MONDAY,FALSE,13.7,0.0,5918
2022,12,20,TUESDAY,FALSE,16.8,0.0,5492
2022,12,21,WEDNESDAY,FALSE,17.5,0.0,6294
2022,12,22,THURSDAY,FALSE,17.2,0.0,5949
2022,12,23,FRIDAY,FALSE,17.1,0.0,6394
2022,12,24,SATURDAY,FALSE,16.9,0.0,5885
2022,12,25,SUNDAY,FALSE,16.2,0.0,5570
2022,12,26,MONDAY,TRUE,16.3,0.0,6844
2022,12,27,TUESDAY,TRUE,16.9,0.0,5977
2022,12,28,WEDNESDAY,FALSE,17.7,0.0,5476
2022,12,29,THURSDAY,FALSE,16.8,0.0,6170
2022,12,30,FRIDAY,FALSE,15.0,0.0,6466
2022,12,31,SATURDAY,FALSE,15.5,0.0,5688
2023,1,1,SUNDAY,FALSE,16.9,0.1,5727
2023,1,2,MONDAY,TRUE,18.7,0.0,6176
2023,1,3,TUESDAY,FALSE,17.3,0.0,6870
2023,1,4,WEDNESDAY,FALSE,17.4,0.0,6138
2023,1,5,THURSDAY,FALSE,18.5,0.0,6340
2023,1,6,FRIDAY,FALSE,19.8,0.0,5820
2023,1,7,SATURDAY,FALSE,19.1,0.0,6107
2023,1,8,SUNDAY,FALSE,18.6,0.0,5745
2023,1,9,MONDAY,FALSE,19.7,0.1,6683
2023,1,10,TUESDAY,FALSE,18.2,5.5,5557
2023,1,11,WEDNESDAY,FALSE,18.1,3.2,5887
2023,1,12,THURSDAY,FALSE,18.8,0.5,5745
2023,1,13,FRIDAY,FALSE,21.7,4.5,6471
2023,1,14,SATURDAY,FALSE,22.7,3.4,6433
2023,1,15,SUNDAY,FALSE,18.4,0.0,6006
2023,1,16,MONDAY,FALSE,12.3,0.0,5342
2023,1,17,TUESDAY,FALSE,13.2,0.0,6005
2023,1,18,WEDNESDAY,FALSE,14.3,0.0,6060
2023,1,19,THURSDAY,FALSE,16.1,0.0,5391
2023,1,20,FRIDAY,FALSE,17.6,0.0,6141
2023,1,21,SATURDAY,FALSE,16.9,0.0,6000
2023,1,22,SUNDAY,FALSE,18.8,0.6,6774
2023,1,23,MONDAY,TRUE,18.8,0.0,6777
2023,1,24,TUESDAY,TRUE,14.7,0.3,6274
2023,1,25,WEDNESDAY,TRUE,12.5,0.0,6402
2023,1,26,THURSDAY,FALSE,15.7,0.0,6006
2023,1,27,FRIDAY,FALSE,15.4,0.0,6643
2023,1,28,SATURDAY,FALSE,12.9,0.0,5609
2023,1,29,SUNDAY,FALSE,12.8,0.0,5405
2023,1,30,MONDAY,FALSE,15.0,0.0,6872
2023,1,31,TUESDAY,FALSE,16.9,0.0,5364
2023,2,1,WEDNESDAY,FALSE,19.9,0.0,5654
2023,2,2,THURSDAY,FALSE,19.4,0.0,6109
2023,2,3,FRIDAY,FALSE,17.9,0.0,6339
2023,2,4,SATURDAY,FALSE,17.4,0.4,6827
2023,2,5,SUNDAY,FALSE,17.9,0.0,6125
2023,2,6,MONDAY,FALSE,19.2,0.1,6255
2023,2,7,TUESDAY,FALSE,21.0,0.0,6420
2023,2,8,WEDNESDAY,FALSE,18.5,0.0,5664
2023,2,9,THURSDAY,FALSE,19.5,0.1,6041
2023,2,10,FRIDAY,FALSE,21.2,0.1,5966
2023,2,11,SATURDAY,FALSE,18.7,0.9,5416
2023,2,12,SUNDAY,FALSE,19.9,0.0,5325
2023,2,13,MONDAY,FALSE,22.3,0.0,6717
2023,2,14,TUESDAY,FALSE,18.5,0.0,5955
2023,2,15,WEDNESDAY,FALSE,16.3,0.0,5815
2023,2,16,THURSDAY,FALSE,16.8,0.0,6707
2023,2,17,FRIDAY,FALSE,18.7,0.0,5985
2023,2,18,SATURDAY,FALSE,21.0,0.0,6103
2023,2,19,SUNDAY,FALSE,22.8,0.0,5557
2023,2,20,MONDAY,FALSE,20.1,0.0,5745
2023,2,21,TUESDAY,FALSE,17.8,0.0,5843
2023,2,22,WEDNESDAY,FALSE,16.9,0.0,5657
2023,2,23,THURSDAY,FALSE,18.2,0.0,6751
2023,2,24,FRIDAY,FALSE,19.8,0.0,5515
2023,2,25,SATURDAY,FALSE,17.1,0.0,5591
2023,2,26,SUNDAY,FALSE,16.8,0.0,5352
2023,2,27,MONDAY,FALSE,16.4,0.0,6388
2023,2,28,TUESDAY,FALSE,17.8,0.0,6582
2023,3,1,WEDNESDAY,FALSE,19.7,0.0,5330
2023,3,2,THURSDAY,FALSE,19.8,0.0,6252
2023,3,3,FRIDAY,FALSE,18.6,0.0,6563
2023,3,4,SATURDAY,FALSE,19.6,0.0,6134
2023,3,5,SUNDAY,FALSE,19.7,0.0,6407
2023,3,6,MONDAY,FALSE,20.0,0.0,6059
2023,3,7,TUESDAY,FALSE,20.1,0.0,5443
2023,3,8,WEDNESDAY,FALSE,21.6,0.0,6700
2023,3,9,THURSDAY,FALSE,22.5,0.0,6775
2023,3,10,FRIDAY,FALSE,22.4,0.0,5376
2023,3,11,SATURDAY,FALSE,22.1,0.0,5480
2023,3,12,SUNDAY,FALSE,22.6,0.1,6766
2023,3,13,MONDAY,FALSE,20.1,0.0,6181
2023,3,14,TUESDAY,FALSE,19.7,0.0,5907
2023,3,15,WEDNESDAY,FALSE,21.0,0.0,6743
2023,3,16,THURSDAY,FALSE,22.0,0.0,5777
2023,3,17,FRIDAY,FALSE,21.7,0.5,5545
2023,3,18,SATURDAY,FALSE,22.3,0.0,5617
2023,3,19,SUNDAY,FALSE,20.6,0.6,5547
2023,3,20,MONDAY,FALSE,21.8,0.3,6696
2023,3,21,TUESDAY,FALSE,23.7,0.0,5787
2023,3,22,WEDNESDAY,FALSE,24.7,0.0,6025
2023,3,23,THURSDAY,FALSE,25.0,0.0,6359
2023,3,24,FRIDAY,FALSE,25.6,0.0,5554
2023,3,25,SATURDAY,FALSE,23.4,53.5,6809
2023,3,26,SUNDAY,FALSE,20.8,5.9,5477
2023,3,27,MONDAY,FALSE,18.6,6.3,6841
2023,3,28,TUESDAY,FALSE,18.7,0.0,6734
2023,3,29,WEDNESDAY,FALSE,19.9,0.9,6376
2023,3,30,THURSDAY,FALSE,20.8,0.3,5333
2023,3,31,FRIDAY,FALSE,20.3,1.9,5858
2023,4,1,SATURDAY,FALSE,20.3,0.7,5888
2023,4,2,SUNDAY,FALSE,21.1,0.7,6337
2023,4,3,MONDAY,FALSE,20.9,2.1,6354
2023,4,4,TUESDAY,FALSE,23.7,4.0,6358
2023,4,5,WEDNESDAY,TRUE,25.3,0.4,5749
2023,4,6,THURSDAY,FALSE,25.4,5.9,5510
2023,4,7,FRIDAY,TRUE,21.8,4.4,6422
2023,4,8,SATURDAY,TRUE,20.6,0.0,6056
2023,4,9,SUNDAY,FALSE,19.8,2.6,5753
2023,4,10,MONDAY,TRUE,21.4,0.0,5633
2023,4,11,TUESDAY,FALSE,24.2,0.0,6659
2023,4,12,WEDNESDAY,FALSE,25.0,0.0,5938
2023,4,13,THURSDAY,FALSE,23.4,0.0,6597
2023,4,14,FRIDAY,FALSE,24.7,0.0,6276
2023,4,15,SATURDAY,FALSE,26.9,0.0,6127
2023,4,16,SUNDAY,FALSE,26.7,0.0,6101
2023,4,17,MONDAY,FALSE,26.1,0.0,6650
2023,4,18,TUESDAY,FALSE,26.7,0.0,5646
2023,4,19,WEDNESDAY,FALSE,25.9,26.5,5802
2023,4,20,THURSDAY,FALSE,24.0,18.2,6539
2023,4,21,FRIDAY,FALSE,24.1,4.3,5399
2023,4,22,SATURDAY,FALSE,23.1,0.7,6826
2023,4,23,SUNDAY,FALSE,23.0,0.4,5609
2023,4,24,MONDAY,FALSE,23.5,1.0,6472
2023,4,25,TUESDAY,FALSE,22.4,4.4,5531
2023,4,26,WEDNESDAY,FALSE,21.6,0.0,6762
2023,4,27,THURSDAY,FALSE,22.7,0.3,5535
2023,4,28,FRIDAY,FALSE,24.1,0.9,6017
2023,4,29,SATURDAY,FALSE,25.4,0.0,5760
2023,4,30,SUNDAY,FALSE,24.6,0.0,6131
2023,5,1,MONDAY,TRUE,24.1,0.3,5999
2023,5,2,TUESDAY,FALSE,24.1,0.0,5905
2023,5,3,WEDNESDAY,FALSE,25.4,0.1,5483
2023,5,4,THURSDAY,FALSE,27.0,0.0,6215
2023,5,5,FRIDAY,FALSE,27.5,0.0,6816
2023,5,6,SATURDAY,FALSE,28.2,0.0,6874
2023,5,7,SUNDAY,FALSE,26.6,35.5,5806
2023,5,8,MONDAY,FALSE,23.2,39.2,6786
2023,5,9,TUESDAY,FALSE,23.8,0.1,6699
2023,5,10,WEDNESDAY,FALSE,23.9,0.0,6416
2023,5,11,THURSDAY,FALSE,23.9,0.5,5367
2023,5,12,FRIDAY,FALSE,24.4,0.0,6050
2023,5,13,SATURDAY,FALSE,23.5,9.5,6187
2023,5,14,SUNDAY,FALSE,21.3,39.9,6058
2023,5,15,MONDAY,FALSE,24.3,0.1,5959
2023,5,16,TUESDAY,FALSE,25.2,0.4,6116
2023,5,17,WEDNESDAY,FALSE,26.9,32.7,5777
2023,5,18,THURSDAY,FALSE,28.9,0.0,5809
2023,5,19,FRIDAY,FALSE,29.1,0.0,5692
2023,5,20,SATURDAY,FALSE,29.7,0.0,6076
2023,5,21,SUNDAY,FALSE,29.7,1.5,6714
2023,5,22,MONDAY,FALSE,30.0,0.0,5782
2023,5,23,TUESDAY,FALSE,26.9,8.3,5517
2023,5,24,WEDNESDAY,FALSE,24.9,14.5,6714
2023,5,25,THURSDAY,FALSE,26.1,0.0,6855
2023,5,26,FRIDAY,TRUE,27.8,0.2,6204
2023,5,27,SATURDAY,FALSE,28.8,0.0,5930
2023,5,28,SUNDAY,FALSE,28.7,0.0,5521
2023,5,29,MONDAY,FALSE,28.9,0.0,5356
2023,5,30,TUESDAY,FALSE,31.2,0.0,5973
2023,5,31,WEDNESDAY,FALSE,31.4,0.0,6765
2023,6,1,THURSDAY,FALSE,29.2,6.0,5825
2023,6,2,FRIDAY,FALSE,30.7,0.0,6503
2023,6,3,SATURDAY,FALSE,30.8,0.6,6681
2023,6,4,SUNDAY,FALSE,30.0,5.1,6622
2023,6,5,MONDAY,FALSE,29.7,4.8,6844
2023,6,6,TUESDAY,FALSE,28.4,31.1,6225
2023,6,7,WEDNESDAY,FALSE,28.5,27.1,5330
2023,6,8,THURSDAY,FALSE,29.4,2.6,5965
2023,6,9,FRIDAY,FALSE,29.0,16.8,5890
2023,6,10,SATURDAY,FALSE,29.5,0.3,5655
2023,6,11,SUNDAY,FALSE,29.2,25.4,5675
2023,6,12,MONDAY,FALSE,30.2,0.2,5536
2023,6,13,TUESDAY,FALSE,29.8,31.8,5858
2023,6,14,WEDNESDAY,FALSE,27.7,62.8,6832
2023,6,15,THURSDAY,FALSE,27.4,41.5,5447
2023,6,16,FRIDAY,FALSE,26.4,41.7,5483
2023,6,17,SATURDAY,FALSE,26.2,89.9,6865
2023,6,18,SUNDAY,FALSE,28.0,35.8,6198
2023,6,19,MONDAY,FALSE,29.1,10.2,5711
2023,6,20,TUESDAY,FALSE,30.0,2.3,6311
2023,6,21,WEDNESDAY,FALSE,30.2,1.9,6270
2023,6,22,THURSDAY,TRUE,30.2,0.6,5606
2023,6,23,FRIDAY,FALSE,30.0,2.3,5897
2023,6,24,SATURDAY,FALSE,29.1,8.2,5959
2023,6,25,SUNDAY,FALSE,29.4,13.0,6696
2023,6,26,MONDAY,FALSE,29.4,11.4,6374
2023,6,27,TUESDAY,FALSE,30.1,0.0,5642
2023,6,28,WEDNESDAY,FALSE,28.8,5.4,6491
2023,6,29,THURSDAY,FALSE,29.5,0.9,6714
2023,6,30,FRIDAY,FALSE,29.8,11.2,5696
2023,7,1,SATURDAY,TRUE,28.9,4.7,6055
2023,7,2,SUNDAY,FALSE,27.5,15.6,5402
2023,7,3,MONDAY,FALSE,28.9,3.6,6432
2023,7,4,TUESDAY,FALSE,29.3,10.6,6332
2023,7,5,WEDNESDAY,FALSE,30.4,0.0,6877
2023,7,6,THURSDAY,FALSE,30.3,0.0,6569
2023,7,7,FRIDAY,FALSE,30.4,0.3,6572
2023,7,8,SATURDAY,FALSE,30.4,0.0,5611
2023,7,9,SUNDAY,FALSE,30.5,0.0,5418
2023,7,10,MONDAY,FALSE,30.7,0.0,6246
2023,7,11,TUESDAY,FALSE,30.7,0.0,6629
2023,7,12,WEDNESDAY,FALSE,30.7,0.0,5951
2023,7,13,THURSDAY,FALSE,30.9,0.0,5964
2023,7,14,FRIDAY,FALSE,31.3,0.0,6469
2023,7,15,SATURDAY,FALSE,31.1,2.5,6055
2023,7,16,SUNDAY,FALSE,29.7,4.9,5688
2023,7,17,MONDAY,FALSE,28.4,29.0,6286
2023,7,18,TUESDAY,FALSE,29.2,10.9,5455
2023,7,19,WEDNESDAY,FALSE,28.7,3.9,6163
2023,7,20,THURSDAY,FALSE,29.6,4.8,6170
2023,7,21,FRIDAY,FALSE,29.7,0.0,6534
2023,7,22,SATURDAY,FALSE,30.6,0.0,5844
2023,7,23,SUNDAY,FALSE,30.6,0.0,6228
2023,7,24,MONDAY,FALSE,30.7,0.0,5480
2023,7,25,TUESDAY,FALSE,30.7,0.0,6617
2023,7,26,WEDNESDAY,FALSE,32.0,0.0,5354
2023,7,27,THURSDAY,FALSE,32.2,6.9,6733
2023,7,28,FRIDAY,FALSE,31.5,0.0,5904
2023,7,29,SATURDAY,FALSE,29.8,21.0,6667
2023,7,30,SUNDAY,FALSE,29.2,10.0,6660
2023,7,31,MONDAY,FALSE,29.1,46.5,6048
2023,8,1,TUESDAY,FALSE,29.3,0.0,6602
2023,8,2,WEDNESDAY,FALSE,30.4,0.0,6579
2023,8,3,THURSDAY,FALSE,30.8,0.0,6684
2023,8,4,FRIDAY,FALSE,30.5,2.6,6890
2023,8,5,SATURDAY,FALSE,30.4,5.9,6660
2023,8,6,SUNDAY,FALSE,30.3,0.0,6460
2023,8,7,MONDAY,FALSE,30.1,1.6,6718
2023,8,8,TUESDAY,FALSE,30.3,0.0,5927
2023,8,9,WEDNESDAY,FALSE,30.3,0.0,5619
2023,8,10,THURSDAY,FALSE,29.2,11.1,6188
2023,8,11,FRIDAY,FALSE,27.8,26.4,5955
2023,8,12,SATURDAY,FALSE,29.0,0.9,6880
2023,8,13,SUNDAY,FALSE,28.5,34.2,6703
2023,8,14,MONDAY,FALSE,29.4,3.6,5695
2023,8,15,TUESDAY,FALSE,29.9,0.0,6625
2023,8,16,WEDNESDAY,FALSE,30.6,0.0,5955
2023,8,17,THURSDAY,FALSE,30.0,0.0,6067
2023,8,18,FRIDAY,FALSE,29.2,9.3,6853
2023,8,19,SATURDAY,FALSE,28.8,0.3,5701
2023,8,20,SUNDAY,FALSE,29.7,0.6,6486
2023,8,21,MONDAY,FALSE,29.6,0.2,6265
2023,8,22,TUESDAY,FALSE,30.0,0.3,6726
2023,8,23,WEDNESDAY,FALSE,30.4,0.3,5635
2023,8,24,THURSDAY,FALSE,29.1,5.7,6616
2023,8,25,FRIDAY,FALSE,29.3,0.2,6462
2023,8,26,SATURDAY,FALSE,29.7,0.0,6628
2023,8,27,SUNDAY,FALSE,29.4,2.2,6055
2023,8,28,MONDAY,FALSE,29.9,0.5,5888
2023,8,29,TUESDAY,FALSE,29.0,34.4,6241
2023,8,30,WEDNESDAY,FALSE,28.9,0.0,5384
2023,8,31,THURSDAY,FALSE,29.2,0.4,5504
2023,9,1,FRIDAY,FALSE,26.9,98.9,6598
2023,9,2,SATURDAY,FALSE,26.2,80.4,6107
2023,9,3,SUNDAY,FALSE,29.4,0.1,5982
2023,9,4,MONDAY,FALSE,29.9,0.0,6659
2023,9,5,TUESDAY,FALSE,29.1,0.4,5912
2023,9,6,WEDNESDAY,FALSE,29.4,0.0,5954
2023,9,7,THURSDAY,FALSE,27.7,215.7,6270
2023,9,8,FRIDAY,FALSE,25.7,425.0,5758
2023,9,9,SATURDAY,FALSE,26.2,9.8,5547
2023,9,10,SUNDAY,FALSE,25.8,67.4,5479
2023,9,11,MONDAY,FALSE,26.5,20.5,6329
2023,9,12,TUESDAY,FALSE,27.0,0.9,6658
2023,9,13,WEDNESDAY,FALSE,27.9,2.5,6058
2023,9,14,THURSDAY,FALSE,26.9,103.5,5691
2023,9,15,FRIDAY,FALSE,27.3,28.5,5914
2023,9,16,SATURDAY,FALSE,27.1,4.3,5327
2023,9,17,SUNDAY,FALSE,28.5,0.0,5321
2023,9,18,MONDAY,FALSE,29.2,0.0,6783
2023,9,19,TUESDAY,FALSE,29.5,0.0,6718
2023,9,20,WEDNESDAY,FALSE,29.6,0.0,6112
2023,9,21,THURSDAY,FALSE,30.0,0.0,5694
2023,9,22,FRIDAY,FALSE,30.2,0.0,5957
2023,9,23,SATURDAY,FALSE,30.1,0.0,6386
2023,9,24,SUNDAY,FALSE,29.9,0.0,6664
2023,9,25,MONDAY,FALSE,29.8,1.5,5877
2023,9,26,TUESDAY,FALSE,30.0,0.0,6223
2023,9,27,WEDNESDAY,FALSE,30.3,0.0,5367
2023,9,28,THURSDAY,FALSE,30.3,0.0,6518
2023,9,29,FRIDAY,FALSE,29.8,7.7,6193
2023,9,30,SATURDAY,TRUE,30.0,0.0,5426
2023,10,1,SUNDAY,FALSE,30.0,0.0,6381
2023,10,2,MONDAY,TRUE,29.5,0.4,6597
2023,10,3,TUESDAY,FALSE,29.3,0.0,6823
2023,10,4,WEDNESDAY,FALSE,30.8,0.0,6542
2023,10,5,THURSDAY,FALSE,30.5,0.0,6826
2023,10,6,FRIDAY,FALSE,28.3,0.0,6700
2023,10,7,SATURDAY,FALSE,25.1,1.9,5367
2023,10,8,SUNDAY,FALSE,24.2,92.2,5571
2023,10,9,MONDAY,FALSE,24.5,369.7,5902
2023,10,10,TUESDAY,FALSE,25.3,2.3,6419
2023,10,11,WEDNESDAY,FALSE,25.6,0.0,6502
2023,10,12,THURSDAY,FALSE,25.7,0.0,6374
2023,10,13,FRIDAY,FALSE,26.7,0.0,5427
2023,10,14,SATURDAY,FALSE,26.6,0.0,5442
2023,10,15,SUNDAY,FALSE,26.9,0.1,5960
2023,10,16,MONDAY,FALSE,26.5,0.0,5534
2023,10,17,TUESDAY,FALSE,25.8,0.0,5529
2023,10,18,WEDNESDAY,FALSE,24.6,38.3,5434
2023,10,19,THURSDAY,FALSE,25.3,27.9,5430
2023,10,20,FRIDAY,FALSE,25.9,0.2,5523
2023,10,21,SATURDAY,FALSE,23.3,0.0,5390
2023,10,22,SUNDAY,FALSE,24.5,0.0,5993
2023,10,23,MONDAY,TRUE,26.0,0.0,6402
2023,10,24,TUESDAY,FALSE,26.8,0.0,6659
2023,10,25,WEDNESDAY,FALSE,26.6,0.0,6860
2023,10,26,THURSDAY,FALSE,26.2,0.0,5549
2023,10,27,FRIDAY,FALSE,26.6,0.0,6199
2023,10,28,SATURDAY,FALSE,25.8,9.5,6277
2023,10,29,SUNDAY,FALSE,25.3,3.5,5412
2023,10,30,MONDAY,FALSE,26.1,0.0,6573
2023,10,31,TUESDAY,FALSE,25.8,0.0,5549
2023,11,1,WEDNESDAY,FALSE,25.8,0.0,5793
2023,11,2,THURSDAY,FALSE,25.8,0.0,6509
2023,11,3,FRIDAY,FALSE,26.0,0.0,6575
2023,11,4,SATURDAY,FALSE,26.3,0.0,5951
2023,11,5,SUNDAY,FALSE,26.7,0.0,6615
2023,11,6,MONDAY,FALSE,27.6,0.0,5363
2023,11,7,TUESDAY,FALSE,25.9,0.0,6606
2023,11,8,WEDNESDAY,FALSE,25.2,0.0,6533
2023,11,9,THURSDAY,FALSE,25.7,0.0,6760
2023,11,10,FRIDAY,FALSE,26.9,0.0,5487
2023,11,11,SATURDAY,FALSE,25.3,2.5,6306
2023,11,12,SUNDAY,FALSE,24.0,0.6,6674
2023,11,13,MONDAY,FALSE,22.0,0.0,6561
2023,11,14,TUESDAY,FALSE,20.8,0.0,6877
2023,11,15,WEDNESDAY,FALSE,22.8,0.0,5823
2023,11,16,THURSDAY,FALSE,21.5,0.0,6812
2023,11,17,FRIDAY,FALSE,18.8,0.0,6068
2023,11,18,SATURDAY,FALSE,19.5,0.0,5439
2023,11,19,SUNDAY,FALSE,20.5,0.0,6160
2023,11,20,MONDAY,FALSE,21.3,0.0,5352
2023,11,21,TUESDAY,FALSE,22.0,0.0,5709
2023,11,22,WEDNESDAY,FALSE,22.6,0.0,6152
2023,11,23,THURSDAY,FALSE,23.0,0.0,6185
2023,11,24,FRIDAY,FALSE,22.9,0.0,5627
2023,11,25,SATURDAY,FALSE,21.9,0.0,5558
2023,11,26,SUNDAY,FALSE,22.1,0.0,6249
2023,11,27,MONDAY,FALSE,23.0,0.0,6484
2023,11,28,TUESDAY,FALSE,22.8,0.0,6045
2023,11,29,WEDNESDAY,FALSE,22.7,0.2,5489
2023,11,30,THURSDAY,FALSE,23.8,0.0,5932
2023,12,1,FRIDAY,FALSE,21.5,0.0,6775
2023,12,2,SATURDAY,FALSE,20.0,0.0,5848
2023,12,3,SUNDAY,FALSE,21.4,0.0,6462
2023,12,4,MONDAY,FALSE,21.9,0.0,6758
2023,12,5,TUESDAY,FALSE,21.7,0.0,6798
2023,12,6,WEDNESDAY,FALSE,21.5,0.0,6842
2023,12,7,THURSDAY,FALSE,21.0,0.0,6445
2023,12,8,FRIDAY,FALSE,21.4,0.0,5715
2023,12,9,SATURDAY,FALSE,22.9,0.0,5356
2023,12,10,SUNDAY,FALSE,23.9,0.0,6626
2023,12,11,MONDAY,FALSE,24.2,0.3,5521
2023,12,12,TUESDAY,FALSE,24.7,0.3,5661
2023,12,13,WEDNESDAY,FALSE,22.3,0.0,5636
2023,12,14,THURSDAY,FALSE,23.1,0.0,6528
2023,12,15,FRIDAY,FALSE,24.4,0.0,5369
2023,12,16,SATURDAY,FALSE,18.9,0.1,5915
2023,12,17,SUNDAY,FALSE,13.4,0.0,6511
2023,12,18,MONDAY,FALSE,17.3,0.0,6173
2023,12,19,TUESDAY,FALSE,16.8,0.0,5899
2023,12,20,WEDNESDAY,FALSE,13.6,0.0,5511
2023,12,21,THURSDAY,FALSE,10.9,0.0,6385
2023,12,22,FRIDAY,FALSE,10.5,0.0,5588
2023,12,23,SATURDAY,FALSE,11.0,0.2,6308
2023,12,24,SUNDAY,FALSE,13.3,0.0,6054
2023,12,25,MONDAY,TRUE,14.9,0.0,6460
2023,12,26,TUESDAY,TRUE,16.6,0.0,6764
2023,12,27,WEDNESDAY,FALSE,18.7,0.0,5429
2023,12,28,THURSDAY,FALSE,20.1,0.0,5354
2023,12,29,FRIDAY,FALSE,19.4,0.0,5935
2023,12,30,SATURDAY,FALSE,20.7,0.0,5941
2023,12,31,SUNDAY,FALSE,21.8,0.0,6260